BT BUSINESS DIRECT LTD	2676.34	1456
BAKERS (AREA 1) LTD	283.79	899
BRITISH CYCLING FEDERATION	139740	1381
BASICS EQUIPMENT LTD	480	972
BRITANNIA HOTEL NEWCASTLE	1332.78	1376
BRAMBLEDOWN LANDSCAPE SERVICES LTD	2787861.3	1325
BAY MEDIA LTD	43448	986
BALTIC PUBLICATION LTD	4050	910
BARCLAYS BANK	1900	928
BALTIC FLOUR MILLS VISUAL ARTS TRUST	426419.73	909
BROOMLEY GRANGE	10887.77	1419
BYKER COMMUNITY TRUST LTD	1787603	1528
BRITISH TELECOMMUNICATIONS	7888.28	1401
BHATIA BEST SOLICITORS	15250	1128
BABY STEPS	1600.5	882
THE BRITISH BUSEN JUDO & MARTIAL ARTS	534.75	9731
B TAIT T/A HOLYWELL BUILDERS	1465	868
BENTON AUTO ELECTRICS	14728.1	1081
BRAKES	7946.34	1324
BOHEMIANS TENNIS CLUB	3745	1257
BENWELL BARBERS	1147.25	1085
BEACONSFIELD CARE HOME	2008.23	1014
BUSINESS & DECISION LTD	13504.4	1509
BRIDGEWATER SCHOOL	600	1363
BERWICK ACADEMY	1750	1102
BW CONSULTANTS	30687.89	1522
BECKER SLIDING PARTITIONS LTD	11652	1023
THE BENDRIGG TRUST	1572.5	9721
BENWELL YOUNG PEOPLES DEV GROUP	32950	1090
BLACK KNIGHT LTDT/A CITY AUTO CARE	1771.5	1185
BLATHERWICK GLASS	980	1214
BARNARDOS MIDLANDS	19116.65	944
BRITISH LIBRARY	3983.12	1391
BURNSIDE ABROAD TARA	2100	1502
BOXERCISE	532.84	1305
BLACK CAT PUBLICATIONS	2965.1	1183
BEECHAM PEACOCK SOLICITORS	12623.8	1038
BILL QUAY FABRIC SHOP	1820	1153
BEAMISH HALL COUNTRY HOUSE HOTEL	1909.21	1016
BERNI PARKER DESIGNS	350.3	1093
BEECH PROPERTIES	6461	1036
BIZSPACE MIDDLESBROUGH - QUEENSWAY	1920	1178
BAXTERSTOREY LTD	561.56	985
BELLS FLOW SYSTEMS LTD	897.5	1053
BALL COLEGRAVE LTD	27498.94	902
BLUE TIGER	4526.92	1236
BADGES PLUS LTD	0	888
BT OPENREACH	4425	1459
THE BOOK SERVICE LTD	898.2	9728
BROAD CAIRN ASSOCIATES LTD	7377.5	1406
BIRCH & CO SOLICITORS	24284.45	1162
BB INTERPRETIVE PRODUCTS LTD	5750	987
BLASER MILLS	285	1212
BEAUTY GUILD	1345	1020
BLUE SKY THINK LLP	500	1234
BROAG LTD	3071.46	1410
BOND DICKINSON LLP	1235509.39	1267
BIN MASTERS LTD	34991.34	1158
BIFFA WASTE SERVICES LTD	11830.21	1141
BRYONY PARK NURSING HOME	10063.99	1447
BAXI POTTERTON	300	984
BARNARDOS NURSERY	184479.47	946
BRIDGE END CAT HOTEL	525	1357
BLAST RECORDING LTD	342	1213
BANK OF SCOTLAND	577.77	916
BYKER LODGE	9255.01	1533
BRIAN SHAW CONCERT PROMOTIONS	15000	1348
BOXFIT UK LTD	405.95	1306
BRAMHALL 1840 LTD (F)	58256	1327
BRUNSWICK HOUSE	1414233.7	1437
BUCKINGHAMSHIRE NEW UNIVERSITY	4973.1	1468
BETTAKLEEN LTD	17433.9	1115
B & H COLOUR CHANGE LTD	3262.5	863
BARKER BROOK COMMUNICATIONS	900	937
BRITISH COMPUTER SOCIETY	29294	1380
BAAF ADOPTION & FOSTERING	100861.58	877
BRUNSWICK PARISH COUNCIL	5900	1439
BRITISH GYMNASTICS	821.72	1389
BROCKWELL COURT	65772.6099999999	1411
BSRIA LTD	2675	1451
BROOKLYN SOUND SYSTEMS	1069.02	1416
BIP SOLUTIONS LTD	4090	1161
BETTER DAYS	112074.6	1116
BOLINDA DIGITAL LTD	33678.88	1261
BRUNSWICK METHODIST CHURCH	4571.6	1438
BEC DISPLAY LTD	2349.9	1022
BURNSIDE YOUTH DROP IN CENTRE	2190.69	1504
BENWELL AND SCOTSWOOD PLAY	7818	1084
BLYTH VALLEY ARTS & LEISURE	1365	1244
BLUE SHARK DESIGNS LTD	3160	1233
BLAKELAW FC	23900	1199
BRAKE BROS FOODSERVICE LTD	35961.25	1323
BAKER TILLY	21690	898
THE BRITISH SECURITY INDUSTRY ASSOC.	1257.6	9734
BECKS TRAINING LTD	10920	1026
BLUE MACHINERY (SCOTLAND) LTD	858116.9	1230
BEDLINGTON FLOORING	1407.27	1032
BECKLEBERRYS LTD	3741.95	1025
BRIAN SKINNER	700	1350
BURNT TREE GROUP LTD	372132.31	1506
BIGGIE BEST	313.87	1150
BRADLEY OMAHONEY PUBLIC RELATIONS	847	1317
BARRIER LED LTD	6400	956
BROWN BROTHERS DISTRIBUTION	399.8	1425
BLAKEMORE FOODSERVICE	72060.75	1208
BUSINESS SYSTEMS LTD	28427.4	1514
THE BYKER CENTRE	29395.03	9737
BUCK & HICKMAN	719.91	1464
BOLDON BUILDERS	6083.33	1259
BLAKE LAPTHORN SOLICITORS	1650	1196
BENCHMARK COMMUNICATIONS LTD	2279.73	1065
BARBARA PRIESTMAN ACADEMY	9250.83	924
BPP	3349.99	1308
BRIGHT MINDS	255104.57	1366
BOND HOTEL	660	1269
BELVOIR LETTINGS	1213.2	1058
BERWIN LEIGHTON PAISNER	44492.48	1103
BLUMILK	555	1242
BOC LTD	22603.46	1254
BRISBAY LTD	11009.43	1371
BLAKELAW COMMUNITY CHURCH	300	1198
BUTLER PUBLISHING	520	1518
BANKS OF THE WEAR LTD	128010.14	919
BROWELL SMITH & CO	196872.89	1421
BENTLEY SYSTEMS UK LTD	26622.11	1080
BOOK TRUST	30619.36	1275
BRAIN INJURY REHABILITATION TRUST	345	1320
BADGER BADGES	366	887
BUDDI LTD [GROUPED]	1687	1471
BENFIELD MOTORS GROUP	259797.47	1069
BENCHMARQ LTD	2942	1066
BOOKHAPPY	3300	1277
BOMB COSMETICS	1265.18	1265
BURNT TREE	604.67	1505
BRUNTON PARK HEALTH CENTRE	12361.21	1442
BIDDLES BOOKS	15346	1138
BRITISH PARKING ASSOCIATION	29432	1392
BARHALE CONSTRUCTION PLC	614077	934
BEEFAYRE LTD	1226.17	1041
BENFIELD SCHOOL	3885.84	1071
BADMINTON ASSOCIATION OF ENGLAND LTD	1575	889
BHP LAW	61049.1	1130
BURLAM ROAD	89988.2100000001	1497
BRANDLING VILLAGE PRE SCHOOL	48907.39	1331
BUILDING RESEARCH ESTABLISHMENT	41984	1480
BISHOPSGATE LODGE CARE HOME	85700.77	1174
BLG CLAIMS LLP	1566.3	1219
BEDES WORLD	876	1031
BILLINGTON BIOENERGY	5700.06	1156
BROXAP LTD [GROUPED]	196230.55	1429
BLAKELAW JFC	2867.25	1202
BILLINGHURST GEORGE & PTNRS	2572.5	1155
BETHANY HOUSE CARE HOME	4658.72	1113
BASE THEATRE COMPANY	5748.5	969
BOURNE LEISURE	52101.73	1298
BRIDGE	310.18	1355
BARCO LTD	57699.39	929
BORDER CONCRETE PRODUCTS LTD	8677.44	1287
BAKER ROSS LTD [GROUPED]	1551.49	897
BRADY FLOORING CONTRACTORS	72499	1319
BENTINCKS LTD [GROUPED]	46293.5	1077
BRIGHTSOLID	20034.74	1368
BODYPOWER SPORTS PLC	332.5	1256
BT GLOBAL SERVICES	11265.48	1457
BDO STOY HAYWARDS LLP	3685	1003
BOOTLEG BEATLES	126880.07	1284
BYKER PRE SCHOOL	840	1534
THE BECKETT COMPANY LTD	64609.7	9720
BARCHESTER HEALTHCARE	1801694.1	926
BUSINESS INFOMATION SUPPLIES LTD [GROUPED]	3450	1513
BELLWAY HOMES	852319.73	1054
BLYTHMAN AND PARTNERS LTD	269.42	1245
BARRON MCCANN PAYMENTS LTD	4260.82	960
BRUNSWICK BUILDING & MAINTENANCE LTD	525	1433
BROOK ADVISORY CENTRES	1647.9	1413
BUNCE (ASHBURY) LTD	14492.74	1487
BEST WESTERN SERAPHINE HAMMERSMITH	854	1110
BETTER EQUIPPED EDUCATIONAL SUPPLIES LTD	643.47	1117
BROWNTREE PROPERTIES LTD	5580	1428
BARNDALE HOUSE SCHOOL	5203.84	949
BIDVEST FOODSERVICE	2927.87	1140
BECON	61206.35	1028
BLUEGRASS	9755	1240
BS PROJECT SERVICES LTD	686.3	1448
BLUE SKY TRUST	182275.16	1235
BRUNTON PARK SURGERY	17331.72	1445
BLIND SHOP	2463.83	1222
BRACKEN RIDGE MANOR	85202.75	1311
BT REDCARE	2482.68	1460
BRUNSWICK VILLAGE COMMUNITY ASSOCIATION	8740	1440
BRIMS CONSTRUCTION LTD [GROUPED]	412917.57	1370
BOLLIN LEGAL ASSOCIATES LTD	9000	1262
BLACK WATER LTD	2630.68	1186
BUTTERFLIES AND BUGS	1700	1519
BRITISH WILD FLOWER PLANTS	3748.72	1404
BLYTH STAR ENTERPRISES LTD [GROUPED]	377103.61	1243
BOOK APOTHECARY	8968	1274
BEWLEY & SCOTT LTD	251741.91	1123
BIGDUG LTD	823	1148
BRIAN SHAW  MANAGEMENT	16500	1347
BRITISH TELECOMMUNICATIONS PLC	2906035.85999998	1402
BERTRAMS BOOKS	16616.61	1101
BRITISH AGENCIES FOR ADOPTION &	1511.7	1377
BIZSPACE ASHINGTON	2640	1177
BARNARDOS	2322602.92	943
BEDE FOODBANK CIO	576	1029
BLAIR ESTATES LTD	7010.07	1194
BORDER HEATING SPARES	33344.71	1288
BOLTON GATE COMPANY LTD	76605	1264
BARONMEAD INTERNATIONAL LTD	675	953
BEN HOARE BELL SOLICITORS	69733.74	1064
BRACKENBRAE	53681.3999999999	1312
BOOKER CASH & CARRY LTD	7738.33	1276
BRITISH RED CROSS	18119.6	1395
BRITISH TELECOM PLC	2434530.24	1400
BRAMBLES FOODS LTD	66329.72	1326
BUNZL UK T/A LOCKHART CATERING EQUIPMENT	15340.8	1492
BROWNING COURT RESIDENTS	865.5	1426
BRITISH HEART FOUNDATION	13042.41	1390
BLANEY ROWALLOTMENT ASSOCIATION	1000	1211
BETTS AVENUE MEDICAL CENTRE	37978.35	1119
BSS GROUP LTD	148548.73	1453
BLACK & WHITE CONSUMABLES LTD	6986.12	1182
BRILAN CARE HOME	172130.18	1369
BBC ELECTRICAL WHOLESALE	1035	991
BDAILY	1000	1000
BLP PRINTING & PACKAGING LTD	10204	1226
BRE BOOKSHOP	3302	1336
BARNARDOS NORTH EAST	266401.08	945
BARRY BENNETT LTD [GROUPED]	466.5	962
BURNELL FENCING LTD	2450	1501
BRITISH RED CROSS SOCIETY	89280	1396
BBC AUDIO BOOKS LTD	26794.08	990
BAKER GRAY & CO	2925	894
BIRCH TREE CONTRACTS LTD	538.47	1163
BARRATT/DAVID WILSON NORTH EAST	720	955
BEECHAM PEACOCK LLP	100010.48	1037
BUCHANAN CLARK & WELLS	697.75	1462
BYKER PRIMARY SCHOOL	111626.4	1535
BENWELL COMMUNITY ALLOTMENTS	3020	1087
BELL GROUP	468878.61	1048
BAWI HOMES LTD	3015	983
BLIND CHILDREN UK	37262.99	1221
BARNARDOS TEENAGE PREG SUPPORT TEAM	208022.41	947
BORDER MANAGEMENT ASSOCIATION LTD	12619	1289
BIRTLEY BUILDING PRODUCTS LTD	5667.17	1171
BRIARDENE MH	5898126.9	1353
BENFIELD MOTOR GROUP	6345	1068
BELL DECORATING GROUP	8430976.46999999	1047
BEECHWOOD HOUSE CARE HOME SVP HEALTHCARE	4279.08	1040
BLUE LINE TAXIS	25370.51	1229
BENTON PARK PRIMARY SCHOOL	1875.69	1082
BANKSEARCH INFORMATION CONSULTANCY LTD	3400	920
BRAINWAVES	429.94	1322
BAMBACH SADDLE SEAT (EUR) LTD	809	912
BUSINESS TO BUSINESS EXHIBITIONS LTD	1111419	1515
THE BOOTLEG BEATLES	25000	9729
BES COMMERCIAL ELECTRICITY LTD	1121.7	1104
BROOME END CARE CENTRE	53408.27	1418
BOOKLIFE	326	1278
BSS GROUP PLC	47822.08	1454
BALTIC TRAINING SERVICES LTD	14524.59	911
BOWSON LETTINGS	7111.79	1302
BRE TRUST	1000	1337
BIDDLESTONE HEALTH GROUP	73933.55	1139
BUCKINGHAM FUTURES LTD	4429	1467
BLACKBERRY PRODUCTIONS	1050	1187
THE BOOK PEOPLE LTD	978.7	9727
BECOMING VISIBLE	177396.53	1027
BETAFENCE LTD	32778.21	1111
BALLIOL PROPERTY MANAGEMENT	36334.78	905
BOUNCYVIBE ENTERTAINMENT	2025	1296
BRITISH GAS	73666.6	1384
BAILIFFGATE	186892.64	892
BLACKBURN WITH DARWEN BOROUGH COUNCIL	390	1188
BRUNSWICK FENCING	1150	1435
BARNES & ASSOCIATES	712	950
B M BLINDS	1629	867
BLAKE HOPKINSON ARCHITECTURE L.L.P.	43035	1195
BOILERHOUSE COMMUNICATIONS LTD [GROUPED]	2950	1258
BLUEBIRD CARE (NEWCASTLE)	60763.14	1237
BIRMINGHAM MIDSHIRES	44041.88	1170
BIKERIGHT LTD [GROUPED]	530416.65	1151
BARNES COURT CARE CENTRE	2883.2	951
BIG FAT PIG RUSTIC CATERING	600	1144
BB TRADE KITCHENS & BEDROOMS LTD	378898.199999999	989
BENTLEY SYSTEMS (UK)	6995	1079
BRIAN SHAW CONCERTS	24096.9	1349
BRIDGE TIMBER PRODUCTS LTD	7000	1358
BPH DATA LTD	5212.5	1307
THE BIGGER SCENE	33362.4	9724
BOSANKO LTD [GROUPED]	2096.73	1292
BALMORAL COURT	6227680.71	906
BATES WELLS & BRAITHWAITE	600	977
BUCKSTONE MOTOR BODIES LTD	2046.04	1470
BALLET LORENT	3285	903
BENTHAM LTD T/A IJT	666.9	1073
BENDCRETE CLIMBING WALLS LTD	2484.15	1067
BYKER COMMUNITY CENTRE	5680	1526
BANKFOOT TAXIS & MINI BUSES	17553	918
BILTON HALL NURSING HOME	21082.45	1157
BIV BOWES INDEPENDENT SURVEYORS	1500	1176
BPP PROFESSIONAL EDUCATION	3539	1309
BARCLAYCARD MERCHANT SERVICES	2704.39	927
BUCK HICKMAN	5078.27	1465
BILLINGHAM GRANGE	199321.8	1154
BLAKELAW JUNIORS	32025	1203
BRUNSWICK COMMUNITY ASSOCIATION	1275	1434
BLACKPOOL TEACHING HOSPITAL	356.57	1192
BUTLER & YOUNG CONSULTANTS LTD	1590	1517
BACPR EDUCATION CONSORTIUM	937.5	885
BURA	750	1494
THE BRITISH COUNCIL	1332.46	9732
BELGRAVE LODGE NURSING HOME	7962.14	1044
BECKETT COMPANY	1840	1024
BONHOMIE HOUSE CARE HOME	136071.43	1272
BFS GROUP LTD T/A BIDVEST FOODSERVICES	3343.39	1124
BIG RIVER FILMS	4475	1146
BOTHWELLS LTD T/A PARK VIEW NURSING HOME	12141.63	1293
BICS	2402.25	1136
BRAR AND CO	42639	1334
BENTINCK TENNANTS & RESIDENTS ASSOC.	915	1076
BIC	820	1133
BURN & HEWITT	112339.23	1498
BARCHAM TREES LTD	2744.8	925
BLACKBURNS OF BOLTON LTD	2305	1189
BOWLAND LODGE	3399013.22	1301
BYKER COMMUNITY ASSOCIATION	16847.12	1525
BGC EUROPEAN HOLDINGS L P	996.22	1125
BOB CROSBY AGENCIES LTD	625056.86	1252
BEVAN BRITTAN	58384.26	1120
BRUNDIBAR ARTS FESTIVAL LTD	5000	1432
BALLET LORENT LTD [GROUPED]	1500	904
BRITISH GAS BUSINESS	6188050.93000001	1385
BRITISH GEOLOGICAL SURVEY	1119.5	1388
BACKPAGE	1363.95	884
BA ELECTRICAL CONTRACTORS NORTHERN LTD	856.07	875
BRITISH SAFETY COUNCIL	350	1397
BYZAK LTD [GROUPED]	4734.28	1541
BAKER GRAY & CO SOLICITORS	520	895
BRANDON HIRE PLC	5141.17	1332
BAILEY CONCRETE PUMPING	4112.5	890
BELL & FRITH PROPERTY MANAGEMENT	750	1045
BASHAR FUNERAL SERVICES	3754	971
BSP ENGINEERING SOLUTIONS (F)	297.2	1450
BDU IMPORTS LTD	457.17	1005
BRITISH GAS TRADING LTD	1269210.76	1387
BOOTS PHARMACY	476367.9	1285
BULMAN PROPERTY LTD [GROUPED]	2755.81	1485
BATH STATION	2304.63	980
BSS (UK) NEWCASTLE	19001.84	1452
BALCAS LTD	22090.2	901
BIRMINGHAM CITY COUNCIL	1250	1167
BIRD WILFORD & SALE	40875	1166
BNP PARIBAS REAL ESTATE	8084.61	1251
BURDUS LTD	2400	1495
BERRY STAINSBY & WALKER FIN SERV LTD	264.05	1099
BENMOOR MEDICAL UK LTD	2375	1072
BE LOGICAL UK LTD	400	1007
BH FINANCIAL	416.66	1127
BUILDING AUTOMATION SOLUTIONS LTD	102248.57	1478
BEACON PARTNERSHIP	13410.8	1012
BIRMINGHAM CITY COUNCUL	1602.74	1168
B&S CHAINS (MIDLANDS) LTD	5175.51	871
BB TEL LTD	37800	988
BDO LLP	15300	1002
BESPOKE SIGNS	1003.25	1108
BENTINCK FURNITURE WAREHOUSE	3405	1074
THE BRITISH LIBRARY	21003.39	9733
BNP PARIBAS LEASING SOLUTIONS LTD	134952.87	1250
BUCHANAN COMPUTING LTD	5664	1463
BARRATT AND DAVID WILSON HOMESNORTH EAST	1316432.7	954
BRITISH TRANSPORT POLICE	1252.8	1403
BACK CARE SOLUTIONS LTD	12058.6	883
BNP PARIBAS	19358.15	1247
BARLOW LYDE & GILBERT SOLICITORS	5464.8	940
BLAKESLEY ASSOCIATES	4350	1209
BHIP LTD	3900	1129
BT	1011938.6	1455
BYKER SANDS FAMILY CENTRE	1500.52	1536
BILL BRAITHWAITE QC	16712.5	1152
BRIARDENE KENNELS	2169.98	1352
BRUNTON DAY NURSERY LTD	26797.48	1441
BRITISH SCIENCE ASSOCIATION	60000	1398
B & E YOUNGER	14320.38	862
BARTRAM WALKER  LTD	1806.65	966
BONACIA LTD	329.67	1266
BBC WORLDWIDE LTD	46146.74	992
BEACHCROFT SOLICITORS	8000	1008
BIBLIOGRAPHICAL DATA SERVICES LTD [GROUPED]	50075	1131
BENWELL CHRISTIAN SHOP PROJECT	1530	1086
BLACKWELL'S BOOKSHOP	4414.42	1193
BELZONA POLYMERICS LTD [GROUPED]	32398.32	1059
B E L PROPERTIES LTD	385	866
BOOM CREATIVE CONSULTANTS LTD	871	1282
BEMROSE BOOTH PARAGON LTD	18885.25	1061
THE BIG YELLOW FEET PRODUCATION CO	12523	9723
BRENNANS SOLICITORS	219620.16	1342
BORDER TRAFFIC SERVICES LTD	1800	1291
BARCODE TECHNOLOGIES LTD	580	930
BIG BLUE EXPERIENCE LTD	1500	1143
BRITISH PSYCHOLOGICAL SOCIETY	600	1394
BACR PHASE IV TRAINING	625	886
BRITISH ASSOC FOR SUPPORTED EMPLOYMENT	2450	1378
BENWELL HILL LAWN TENNIS CLUB	3000	1088
BOURNE LEISURE LTD	6583.57	1299
BOOMERANG ED.	483.84	1283
BRISKONA LTD	14684	1372
BOXER CHEMICALS LTD	15483.3	1304
THE BIG WORD	119110.63	9722
BATES WELLS & BRAITHWAITE LONDON LLP	2000	978
BLOOMSBURY PUBLISHING PLC	325	1224
BISHOP SPORTS & LEISURE	3825.4	1173
BL HAIRDRESSING TRAINING	10500	1180
BRETFORD MANUFACTURING LTD	9212.2	1344
BRUNSWICK FENCING & BUILDING	42848.55	1436
BULL INFORMATION SYSTEMS	372718.85	1484
BEAL ARCHITECTURAL	103753.15	1015
BLUEGATE PROPERTY INVESTMENTS LT	302.61	1239
BLACHERE WONDERLAND ILLUMINATIONS UK LTD	825455.53	1181
BLANCCO UK	5970	1210
BOTT & COMPANY	6000	1294
BIS	53649.75	1172
BANNER GROUP LTD	13648.03	922
BYKER HALL N H (FELLINGATE CC LTD)	2644650.3	1532
BRITISH GAS ENERGY PERFORMANCE	4999	1386
BUSTERS CHILDRENS ENTERTAINMENTS	1625	1516
BRIDGEWATER PRIMARY	7015.2	1362
BETTABLAST BLASTING SERVICES	48061.67	1114
BRADFORD FOYER LTD	766.11	1316
BROUGHTONS BRASS BAND	2100	1420
BOND MAILROOM	742	1270
B & Q PLC	16792.87	864
BRUEL & KJAER UK LTD	40647	1431
BIRCHDALE CARE HOME	108069.51	1164
BYKER FRIENDLY CLUB	1640	1529
BIC PLC	52622.77	1135
BRADFORD COUNCIL	3750	1314
BOURNEMOUTH BOROUGH COUNCIL	1750	1300
BCS COLLEGE	2243.5	999
BRISTOL STREET VAUXHALL NEWCASTLE	1660536.13	1374
BYKER FRUITERS	1533.75	1530
BLACK DOG DESIGN	1008	1184
BYKER AND WALKERGATE COMMUNITY FIRST PAN	1500	1523
BETASOFT	76595.49	1112
BERTRAM LIBRARY SERVICES	108134.73	1100
BUNZL PLC	3148.58	1491
BIG WORD INTERPRETING SERVICES	53582.68	1147
BCG DIRECT LTD	251.63	997
BDE LAW	2616.93	1001
BLP (NORTHERN) LTD	4599	1225
B2NET	31829	874
BOUNCE-A-MANIA	375	1295
BASIS(REGISTRATION) LTD [GROUPED]	630	973
THE BEACON	16986.5	9718
BLUE REEF AQUARIUM	300.42	1232
BLAKELAW FLATS TENANTS AND RESIDENTS ASS	734.5	1200
BONNER & WHITE CARPET FLOORING	50860	1273
BARRON MCCANN TECHNOLOGY LTD	1275.7	961
BEWICK LODGE	1457312.09	1122
THE BUSINESSLAB GROUP LTD	183907.33	9736
BAKER GREY & CO	889.65	896
BARNARDO SERVICES LTD	32405.25	941
BURTON ROOFING MERCHANTS	345.6	1507
BUSINESS CONTINUITY INSTITUTE	3000	1511
BRETHERTONS	2634.62	1345
BRENDECK LTD	19875.15	1340
BUFFALO POWER SERVICES LTD	890	1474
BERNICIA GROUP LTD	253.44	1095
BELFLOORING LTD	2900	1043
BOUND & GAGGED COMEDY	7340.8	1297
BLEEP 2000 (COMPUTERS) LTD	3247	1218
BLAKELAW NEIGHBOURHOOD CENTRE	860	1204
BRIGGS AMASCO LTD	26618.51	1365
BLAKELAW WARD COMMUINTY PARTNERSHIP	233997.4	1206
BUNZL CATERING SUPPLIES	1199.5	1489
THE BLUE DOOR PROJECT LTD	73392.2000000001	9725
BOLDON FARMHOUSE PANTRY	1018	1260
BYKER HALL	2417748.3	1531
BLAKELAW & NORTH FENHAM PARISH COUNCIL	28500	1197
BRIDGE ELECTRICAL	670	1356
BRONZE RESTORATIONS LTD	6630	1412
BLOCK PARTIES	600	1223
BALMORAL TANKS LTD	5626.33	908
BAUER ADVERTISING LTD	51477.51	982
BUTYL PRODUCTS LTD [GROUPED]	995	1520
BANGLADESHI YOUTH ORGANISATION	1640	914
BROWN & ILLINGWORTH LTD	27016	1424
BUILDBASE CIVILS AND LINTELS	6514.46	1476
BROWELL SMITH AND CO	36922.44	1422
BALMORAL JOINERY	254478.67	907
BUILDING ADDITIONS LTD	2170	1477
BIRMINGHAM CITY UNIVERSITY	8258	1169
BUILDING SOFTWARE LTD	85325	1481
BEACON TRANSLATION LTD	544.5	1013
BASPCAN	1091	975
BROOKBANK CARLISLE	1031.33	1414
BRADFORD DISTRICT CARE TRUST	1900	1315
BELLE TENTS	31922	1050
BARKER & STONEHOUSE	1543	936
BEAUMONT CHATEAU LTD	6750	1019
BEACON FARM CARE CENTRE	191274.11	1010
BLAKELAW WARD COMMUNITY PARTNERSHIP	1200	1207
BAREFOOT RESEARCH	15633	933
BRITISH BUSEN JUDO ASSOCIATION	17063.43	1379
BGC GROUP	80132.62	1126
BAKARE BEDS LTD	2553	893
BRIAN HULL FENCING	18505.65	1346
BASELINE SHIFT	6667.04	970
BROWNS BOOKS	2124.56	1427
BARKINGDOG	3690	938
BEN HOARE BELL	7934.2	1063
BEMROSE BOOTH LTD	1005	1060
BUNZL CLEANING & HYGIENE SUPPLIES	648655.55	1490
BENTINCK TENANTS & RESIDENTS ASSOCIATION	2205	1075
BANK OF SCOTLAND ASSET FINANCE	5078.46	917
BELLS COACHES	20518	1052
THE BEACON PARTNERSHIP	825	9719
BUZZ THEATRE ARTS	1000	1521
BONG UK LTD	991.25	1271
BBS (BRICK & STONE) LTD	459131.58	994
BOOKS ASIA	4003.31	1280
BRENNTAG UK LTD	93730.5399999998	1343
BERNICA GROUP	297.9	1094
BOLTON COUNCIL	27000	1263
BARCODE WAREHOUSE LTD	9904.98	931
BELL TRUCK SALES LTD	586003.39	1049
BELMONT STREET AREA RESIDENTS ASSOCIATIO	800	1056
BYKER VILLAGE BOWLING CLUB	300	1537
BUCKINHAMSHIRE NEW UNIVERSITY	300	1469
BUSINESS CASE STUDIES	399	1510
BANK OF IRELAND BUSINESS FINANCE	233619.99	915
BARRIERS DIRECT	771.75	958
BARRIER SURVEILLANCE  SYSTEMS LTD	149716.22	957
BELLWOOD ASSOCIATES	1162	1055
BRITANNIA GEORGE BERNARD SHAW	976.09	1375
BAS	189564.07	968
B & W LIFT SERVICES LTD	18627.85	865
BOOKTRUST	4478.21	1281
BEST PARTIES EVER LTD	300	1109
BUILDING SURVEYORS LTD	6627.25	1482
BESPOKE CONCRETE PRODUCTS LTD	18173.98	1107
BRABNERS LLP	90000	1310
BUILDING FUTURES EAST	1393572.68	1479
BDW TRADING LTD [GROUPED]	900.64	1006
BETTERLIFE HEALTHCARE LTD	1079.88	1118
BROADWOOD EDUCATIONAL SERVICES	52028.44	1409
BIG BANG SCIENCE PARTIES	800	1142
BARTON CIVIL ENGINEERING LTD	8626.36	964
BESAM LTD	4410	1106
BNP PARIBAS LEASING SOLUTIONS	18984.01	1249
B.W.Y CANINE	700	872
B W Y CANINE LTD	1355	869
BRACKENBURY ELECTRONICS LTD	2990	1313
BENWELL YOUNG PEOPLES DEVELOPMENT GROUP	107959.45	1091
BLACKETT HART & PRATT SOLICITORS	144000	1190
BATTERY.CO.UK	1309.9	981
BRISTOL STREET - NEWCASTLE	20371.46	1373
BLACKFRIARS CAFE BAR	2342.85	1191
BRIDGEWATER	64811.89	1361
THE BUILDER GROUP PLC	300.48	9735
BERENDSEN	56803.6	1092
BENTLEY COURT CARE HOME	22571.82	1078
BLAKELAW PENSIONERS ASSOCIATION	3823.33	1205
BEACON HILL SCHOOL	1024	1011
BRITISH STANDARDS INSTITUTION	88383	1399
BOB RUDD GAMING & AMUSEMENT MACHINES	1030	1253
BLI EDUCATION LTD	62820.28	1220
BARBARA CHAPMAN	660.48	923
BRITISH YOUTH COUNCIL	10629	1405
BRIDGE VIEW CARE HOME	125297.85	1359
BUILDING SUSTAINABILITY LTD	445	1483
BERRICK COMPUTING LTD	5478	1097
BARNARDO'S NORTH EAST	10867387.96	942
BEACHVILLE CARE HOME	9825.9	1009
THE BOOK PEOPLE	3360.29	9726
BATH HOUSE	299.52	979
BODY POSITIVE NORTH EAST LTD	89594.45	1255
BARTON CIVIL ENGINEERING LTD  IN LIQUID	0	965
BLUESKY INTERNATIONAL LTD	29503	1241
BEE HAPPY CHILDMINDING	2716	1033
BYLAND ENGINEERING LTD	666.25	1538
BORDER SIGNS AND GRAPHICS	23010	1290
B2B NORTH LTD	12150	873
BARNSLEY METROPOLITAN BOROUGH COUNCIL	15500	952
BRAMPTON COURT	5566454.79000001	1328
BEAUCARE MEDICAL	275	1018
BRIDGEALL LIBRARIES LTD	76257	1360
BROADWAY MEDICAL CENTRE	10175.72	1408
BIC ELECTRONICS	11646.6	1134
BLEEP	5046	1217
BLUCHER METHODIST CHURCH	600	1227
BURN BRAE LODGE	32336.97	1499
BRIAR DENE KENNELS	6597.9	1351
BLUE KANGAROO	10802.83	1228
BROOKE HOUSE CARE HOME	2279753.95	1415
BCIS	4964	998
BTCV	2223.7	1461
BRUSH TECHNOLOGY LTD	179026.4	1446
BBS GRANITE CONCEPTS LTD	150068.26	995
BUCKINGHAM COUNTY COUNCIL	2191.8	1466
BYKER BRIDGE HOUSING ASSOCIATION	3549772.4	1524
BRAND ADDITION	510.48	1329
BAB ACCOMODATION LTD	1889482.23	880
BROOKS MACDONALD NOMINEES LTD	255	1417
BOX TECH SERVICES LTD	17792	1303
BUS AND TRUCK PARTS NORTH EAST LTD	30869.38	1508
BRADY CORPORATION LTD	1454.5	1318
BEECHWOOD HOUSE CARE HOME	100909.6	1039
BERR	41036.21	1096
BEAMISH MUSEUM	15796	1017
BEDEBURN	32239.96	1030
BDS COMPUTERS LTD	15848	1004
BIGFOOT ARTS EDUCATION (NORTH EAST)	1881	1149
BAAF REGISTERED CHARITY	22397.74	879
BARE TOED CO	84035.39	932
BRIGHT RED	341	1367
THE BAGHDADDIES	2250	9716
BAAF	7531.87	876
BUDGET TAXIS	25128.5	1473
BEN ATKINSON FURNITURE	520.65	1062
BUFFER BEAR LTD NEWCASTLE	185123.75	1475
BENWELL PHARMACY	550	1089
BSI	84566	1449
BEECH HILL PRIMARY SCHOOL	1000	1035
BRUNTON PARK INDOOR BOWLING CLUB	1200	1443
BISSETT KENNING & NEWISS	1637.1	1175
BINDMAN & CO SOLICITORS	1536	1159
BRIDGEWATER SURVEYORS	1422	1364
BINGBANGBONG	810	1160
BRITISH PATHE LTD	10511.25	1393
BOOKPOINT LTD	20380	1279
BAAF PUBLICATIONS	4516.79	878
BELLE VUE HOUSE	3138862.69	1051
BANNATYNE FITNESS LTD	260	921
BEWICK COURT RESIDENTS ASSOC	3920	1121
BELL CONTROL SOLUTIONS LTD	188212	1046
BAT CONSERVATION TRUST	1573	976
BIBLIOTHECA LTD	11482.37	1132
BLUE RAIN PRODUCTIONS LTD	1702.13	1231
BARTS HEALTH NHS TRUST	3334.28	967
BURNSIDE COMMUNITY GARDEN AND COMMUNITY	2019.3	1503
BARKELL LTD	279	935
BRUCE BARRINGTON YARE	1125	1430
BIDDLE AIR CONDITION LTD	2555	1137
B&Q	900	870
BRUNTON PARK SCOUT GROUP	10615	1444
BLAKELAW FOOTBALL CLUB	5466	1201
BAILEYS BLINDS	91092.49	891
BRAVURA	42947.65	1335
BLAYDON COMMUNICATIONS LTD	8925.39	1215
BOOTS THE CHEMISTS	255	1286
BARTHOLOMEW CAMPBELL	1867.24	963
BOND DICKINSON LLP EXORS OF L GR	337.15	1268
BT INET	10328.46	1458
BIG JIGSAW LTD	13287.22	1145
BUSINESS CONTINUITY TRANSPORT	1960	1512
BLUECHIP TECHNOLOGIES LTD [GROUPED]	3564	1238
BES LTD	822.28	1105
BURGES SALMON	1097.26	1496
BELVEDERE ENTERTAINMENT FUND	2273.92	1057
BUNZL VENDING SERVICES LTD	14345.41	1493
BRAIN INJURY REHABILITATION TRUST BIRT	295	1321
BARNARDOS TRAINING AND CONSULTANCY	845	948
BRENDA MCCUTCHEON	261	1339
BAKERS SOLICITORS	4800	900
BC ASSOCIATES NORTHERN	115916.5	996
BYKER COMMUNITY CHOIR	1636.8	1527
BANG ON PRINT & DESIGN	2735	913
BRENIKOV ASSOCIATES HOSPITALITY TRAINING	68291.47	1341
BROADREACH HOUSE LTD	4078.33	1407
BKW TENANTS AND RESIDENTS ASSOCATION	1533	1179
BLAYDON EXOTICS	599.95	1216
BNP PARIBAS LEASE GROUP (RENTALS) LTD	11885.2	1248
BYS PRODUCTIONS	2000	1539
BYTES SOFTWARE SERVICES	46077.27	1540
BRAR & CO	612	1333
BARRINGTONS VALET SERVICE	547.5	959
BBH LEGAL SERVICES LTD [GROUPED]	64448.63	993
BRAND F LTD	1475.33	1330
BUNHILL SERVICES LTD	149856.34	1488
BEELEAF INSTITUTE FOR CONTEMPORARY PSYCH	400	1042
BRICK SERVICES LTD	61062.94	1354
BEAVER BUSINESS GIFTS	4497.98	1021
BIRCHTREE NORTHERN LTD	2801	1165
THE BARE TOED CO	780	9717
BRITISH DYSLEXIA ASSOCIATION	1860	1382
BASKEYS N E LTD	400	974
BENFIELD PARK MEDICAL GROUP	64479.5	1070
BUDDY MATHS	640	1472
BMJ PUBLISHING GROUP LTD	4976.2	1246
BENWELL AND SCOTSWOOD COMMUNITY HERITAGE	9704	1083
BRECKLAND SCIENTIFIC SUPPLIES LTD	287.79	1338
BROWN & ILLINGWORTH	205584.48	1423
THE BOWMEN OF WALKER	260	9730
BUMBLE & BLOOM MEDIA	1600	1486
BABCOCK 4S LTD	4507.64	881
BARLOW LYDE & GILBERT	1152.7	939
BERRY MARKETING SERVICES LTD	2355	1098
BEE JAY DUCT	19200	1034
BRITISH FLOORING CONTRACT SERVICES LTD	239981.25	1383
BURN HAULAGE (CONTRACTS) LTD	37955.82	1500
