#N/A	145479.45	9
N & C Bldg Prdcts Ltd	7.17	30900
N & C Building Products Ltd [GROUPED]	24910.03	30901
N & C Tilestyle Leeds	1375.30	30902
N & D Liversidge Surfacing Ltd	2830	30903
N A	92.56	30904
N A Beail	3327.11	30905
N A H Angus	3534.60	30906
N A Taylor Ltd [GROUPED]	14430	30907
N Bhatti	3094.43	30908
N Brindle	1050	30909
N Bush	11001.28	30910
N C Talbot	515.27	30911
N C Tarmac	20295	30912
N Czarkowska	1598.80	30913
N D A Toys	38.64	30914
N D Brown Ltd	67.50	30915
N Din	634036.57	30916
N E T S	8016.32	30917
N E Truck Spares Ltd	183593.57	30918
N Gundill	4847.49	30919
N H Hope	1219.36	30920
N Harding	347.15	30921
N Harley	3319	30922
N Hodgson	3000	30923
N J Ramsden	700	30924
N J Shipley	319.70	30925
N J Wild	2465.55	30926
N Jawad	4278.07	30927
N K Shipp	1076.99	30928
N L Commercials Leeds Ltd	976724.94	30929
N L Jackson	6685.04	30930
N Mulik	1298.32	30931
N P Croft Ltd	3583.53	30932
N P D LTD	1145	30933
N P D Ltd	5895	30934
N P Structures Ltd	14226.88	30935
N Powell	17500.31	30936
N RAFIQUE	549.25	30937
N Rafique	15963	30938
N S P C C Donation	85	30939
N Saddiq	9701	30940
N Stewart Events	516	30941
N T Killingley Ltd [GROUPED]	179513.72	30942
N U T Solicitors	20000	30943
N Venters	144	30944
N Wahid	250	30945
N. Frost	256.48	30946
N.C.B.C	150	30947
N.S.I. (Eccles)	90	30948
N/A	5264.04	30949
N/a	350	30950
N/a As Moto Only	122.40	30951
N2 Medical Ltd	100	30952
N2 Visual Communications	14.90	30953
N8 Leisure Ltd	15433.28	30954
NA RUSZELAKOVA	228.65	30955
NAGELS (UK) LTD	2317.20	30956
NARI EKTA LTD	30000	30957
NAS SERVICES LTD [GROUPED]	66730.68	30958
NATIONAL CHILDRENS BUREAU	67649.72	30959
NATIONAL EXPRESS LTD	1536.33	30960
NATIONAL EXTENSION COLLEGE	640	30961
NATIONAL FILM ARCHIVE	1275.45	30962
NATIONAL FOSTERING AGENCY LTD	53898.27	30963
NATIONAL HOUSING FEDERATION	539.80	30964
NATWEST IBC CITY	25	30965
NCMA	18774.13	30966
NEATER SOLUTIONS LTD	995	30967
NEGATIV S R O	1348.12	30968
NEIGHBOURHOOD ACTION	7408	30969
NEIGHBOURHOOOD ELDERS TEAM	19661.50	30970
NEOPOST FINANCE LTD [GROUPED]	748.46	30971
NEOPOST LTD [GROUPED]	3557.11	30972
NEOPOST LTD CREDIFON RCB ACCOUNT	71000	30973
NETWORK EMPLOYMENT CONSULTANCY	675	30974
NETWORK RAIL INFRASTRUCTURE LTD	10580.13	30975
NETWORKS BY WIRELESS LTD	13614	30976
NEVILLE HOUSE	22388.29	30977
NEW AGE FLOATSATION	2623	30978
NEW ERA HOUSING ASSOCIATION	24397.20	30979
NEW EUROPE FILM SALES	1780.66	30980
NEW LEAF (SUPPORTING INDEPENDENCE)	16629.86	30981
NEW SPRINGWOOD NURSERY	9047.64	30982
NEW VISION GROUP LTD	1000	30983
NEW VISION SIGNS & GRAPHICS	1308.52	30984
NEW WORTLEY COMMUNITY ASSOCIATION LTD	500	30985
NEWLAND HURST LTD	1529.56	30986
NEWSCO INSIDER LTD	750	30987
NHS SUPPLY CHAIN	649.11	30988
NIC SERVICES GROUP LTD	3831.49	30989
NIGHTINGALE COTTAGE	6053.04	30990
NIKKATSU CORPORATION	808.02	30991
NL Commercials Ltd	420	30992
NOBUKO TSUCHIYA	1712	30993
NORBAIN SECURITY	13992.70	30994
NORD ANGLIA NURSERIES	31912.34	30995
NORFOLK FRAMES LTD	42882.17	30996
NORMAN TAYLOR	1500	30997
NORSEMAN DIRECT	2065	30998
NORTH BRITISH HOUSING ASSOCIATION	2880.88	30999
NORTH EAST LINCOLNSHIRE COUNCIL	39210	31000
NORTH HYDE PARK NEIGHBOURHOOD	500	31001
NORTH LEEDS COMMUNITY NURSERY	9815	31002
NORTH LINCOLNSHIRE COUNCIL	31358	31003
NORTH MIDLAND CONSTRUCTION PLC	193104.69	31004
NORTH SEACROFT GOOD NEIGHBOURS	11161.25	31005
NORTH YORKSHIRE COUNTY COUNCIL	5455.08	31006
NORTHCALL	7500	31007
NORTHERN COMMERCIALS (MIRFIELD) LTD	19959.30	31008
NORTHERN GAS NETWORKS LTD	36449.37	31009
NORTHERN HOUSING CONSORTIUM	1958.23	31010
NORTHERN INSTALLATION SERVICES LTD [GROUPED]	590	31011
NORTHERN LIFE CARE LTD [GROUPED]	442561.80	31012
NORTHERN MUNICIPAL SPARES LTD	2734.58	31013
NORTHSIDE TRUCK & VAN LTD	10438.97	31014
NORTHUMBERLAND COUNTY COUNCIL	31350.60	31015
NORWEST HOLST SOIL ENGINEERING LTD	23363.51	31016
NORWOOD RAVENSWOOD SERVICES LTD [GROUPED]	18506.47	31017
NOTTINGHAM REHAB LTD [GROUPED]	3574.57	31018
NPOWER	12669.18	31019
NPOWER LTD [GROUPED]	410231.13	31020
NTL VIRGIN MEDIA PAYMENTS LTD	34786.30	31021
NURTURE DEVELOPMENT	1561	31022
NUTRAMULCH YORKSHIRE LTD	24985.42	31023
NWT Supplies	2197.44	31024
Naace Charity	100	31025
Nabarro Llp	1300	31026
Nabarro Mcallister & Co Ltd	32500	31027
Nabeela Mahmood	7859.26	31028
Nabil Watfah	15	31029
Nabma	15225	31030
Nabuh Energy	180	31031
Naburn Court Social Club	200	31032
Naburn Court Social Fund	600	31033
Nacro	1724005.80	31034
Nacro Nct Sheffield	3190	31035
Nadeem Ashraf	580	31036
Nader Khandanpour	3066.69	31037
Nadia Orlic	600	31038
Nafao	1150	31039
Nafees Bakers Ltd	8.33	31040
Nagalro	530	31041
Nagels (UK) Ltd	7034.96	31042
Nagels (Uk) Ltd	67685.86	31043
Nagels UK Ltd [GROUPED]	4772	31044
Naheem Amin	740	31045
Naifei Wu	2500	31046
Nairn Purss	541.28	31047
Nairo	40	31048
Naked Events Ltd [GROUPED]	112	31049
Nakita Kayumba	15	31050
Nal Ltd	23985.78	31051
Naldic	640	31052
Naleo	10150	31053
Namaste	11984.25	31054
Namaste Youth Project	500	31055
Name	700	31056
Name Ltd [GROUPED]	713.83	31057
Namesco	251.91	31058
Nancy Baiver	479.52	31059
Nancy Stewart	868.76	31060
Nanda & Nanda Ltd	2430.18	31061
Nandhra & Sons Ltd-153	5.13	31062
Nandos	259.42	31063
Nandos Bradford	56.82	31064
Nandos Bullring	22.70	31065
Nandos Castleford	71.09	31066
Nandos Chesterfield	10.21	31067
Nandos Edinburgh	29.65	31068
Nandos Fallowfield	11.58	31069
Nandos Glasgow St Enoc	11.37	31070
Nandos Halifax	51.97	31071
Nandos Headingley	142.85	31072
Nandos Leeds	1262.14	31073
Nandos Leeds Briggate	318.78	31074
Nandos Leeds Cardigan	1049.65	31075
Nandos Leeds Thorpe Pa	45.58	31076
Nandos Leeds Trinity	367.20	31077
Nandos Metrocentre Ga	13.55	31078
Nandos Newcastle	34.90	31079
Nandos Oldham	11.08	31080
Nandos Preston Cheapsi	40.78	31081
Nandos Salford Quays	10.58	31082
Nandos Sheffield Valle	11.79	31083
Nandos Stockport	19.02	31084
Nandos Stroud Green	43.67	31085
Nandos Wakefield	41.82	31086
Nandos Westfield Strat	6.33	31087
Nandos York	37.65	31088
Nandos-Harrow St Geor	11	31089
Nandra Builders	15000	31090
Naomi Assame	123.92	31091
Naomi Goldman	17.98	31092
Naomi Korn Copyright Consultancy	1943.06	31093
Naomi Korn Copyright Consultancy Ltd	7385.35	31094
Naomi Madderson	2320	31095
Naomi Mcloughlin	1200	31096
Naomi Murphy	9644.98	31097
Naomi Parker	5080	31098
Naomi Sergeant	67.08	31099
Naomi Williams	10264.45	31100
Napep	260	31101
Napier University	500	31102
Napit Training Ltd [GROUPED]	3102	31103
Napoleon Ivth	1000	31104
Napps	25	31105
Nari Ekta Ltd	727517.57	31106
Nariman Idris	10741.31	31107
Nart Nsw Leeds 2011	65227	31108
Nas Scotland People	166.04	31109
Nas Services Ltd [GROUPED]	2552248.10	31110
Nas Uk	794.05	31111
Nasacre	485	31112
Naseem Darbey	2500	31113
Nasen	1067.80	31114
Nashics	966	31115
Nashs Fish Restaurant	6	31116
Nasir Ali	6827.45	31117
Nasra Hussein	841.50	31118
Nassea	285	31119
Nassea Ltd	414	31120
Nasser Hussain	250	31121
Nasstassia Hylton	1823.92	31122
Nat Council Cons Plant	200	31123
Nat Gal Of Scotland	23.25	31124
Nat Media Museum	33	31125
Nat West - Woking Branch	1832.10	31126
Nat.Org.Uk	15	31127
Natal Health Cic	8730.44	31128
Natalia Escoriza	1750	31129
Natalia Korobowicz	725	31130
Natalia Levine	35741.36	31131
Natalia Perrett	350	31132
Natalie Chandler	96.87	31133
Natalie Davies	60	31134
Natalie Hamburg	180	31135
Natalie Jackson	8930.30	31136
Natalie Karimi	900	31137
Natalie Kyrkos	3404.51	31138
Natalie Morton	13116.30	31139
Natalie Press	225	31140
Natalie Reid	620	31141
Natalie Searle	6507.76	31142
Natalie Walton	42077.25	31143
Natalie Wilkins	1237.50	31144
Natasha Andrews	280	31145
Natasha Teresa Joseph	1000	31146
Natco Sw Ltd	1982.01	31147
Natecla	266	31148
Nated	180	31149
Natexpressrewards	45	31150
Nathalie Levi	500	31151
Nathalie Lieven	265369.25	31152
Nathalie Shaw	400	31153
Nathan Evans	11018.40	31154
Nathan Gill	1755	31155
Nathan Loynes	2835	31156
Nathan Robinson	800	31157
Nathan Smith	2000	31158
Nathan Wyman	165.20	31159
Nathanael Ellum	100	31160
Nathanael Morgan	67	31161
Nathaniel Garner	13185.72	31162
Nathaniel Lichfield & Partners	400	31163
Natheer & Barnett Investments	80	31164
National Acquisitions Group	1323.59	31165
National Appropriate Adult Network	300	31166
National Appropriate Adult Network Ltd	1100	31167
National Archives 4	62.04	31168
National Assoc Of Language Advisers	310	31169
National Association Equipment	2799.49	31170
National Association Of Civic Officers	540	31171
National Association Of Councillors	9504	31172
National Association Of Mathematics	340	31173
National Association Of Memorial	5792	31174
National Association Of Teachers Of	330	31175
National Autistic Society	58483.18	31176
National Blind Childrens Society	1930.18	31177
National Builders Ltd	15000	31178
National Car Parks	6.30	31179
National Car Parks Ltd	24170.65	31180
National Centre For Early Music	250	31181
National Childbirth Trust	45060.80	31182
National Childrens Bureau	68200.31	31183
National Childrens Cen	55	31184
National Childrens Centre	2598	31185
National Childrens Orchestra	63866.79	31186
National Clt Network Cio	200	31187
National Co-Ordinators	3343	31188
National Co-Ordinators Of Governor	170	31189
National Coal Mining Mus	22	31190
National Coal Mining Museum For	250	31191
National Crime Agency	398	31192
National Day Nurseries Association	9300	31193
National Development Team	155361.51	31194
National Education Group Ltd	50	31195
National Education Union	250	31196
National Education Union - Nut Section	250	31197
National Express Ltd [GROUPED]	62800.50	31198
National Express S	969.60	31199
National Federation Of Almos	73645	31200
National Fostering Agency	1471359.62	31201
National Fostering Agency Ltd	6765910.30	31202
National Galleries Of	35	31203
National Galleries Of Scotland	642.90	31204
National Gallery Bookshop	54.51	31205
National Governors Association	23247	31206
National Headteacher Support	380	31207
National Heritage Memorial Fund	11837	31208
National Heritage Training Group	15	31209
National Heritage Training Group Ltd	150	31210
National Holiday Tours Ltd	9847.08	31211
National Holidays	9179.78	31212
National Housing Federation	648.90	31213
National Ice Skating Association	51.50	31214
National Landlords Association Ltd	4100	31215
National Law Parnters Ltd T/A	278.04	31216
National Lighting	247.76	31217
National Maritime Muse	831	31218
National Maritime Museum	163.86	31219
National Media Mus	139.89	31220
National Mu	190	31221
National Museum Wales	233	31222
National Museums Liverpool	3250	31223
National Network For Child Employment	150	31224
National Offender Management Service	242649.66	31225
National Office Furniture Supplies	410	31226
National Organisation For Pupil	1347	31227
National Outdoor Events Association	1110	31228
National Park Card Co	2100.58	31229
National Pen Promotion	61.49	31230
National Pest Technicians Association	2400.52	31231
National Playing Fields Association	150	31232
National Portage Association	135	31233
National Probation Service	198.10	31234
National Railcard	210	31235
National Resource Centre For	205	31236
National Skills Academy	3640	31237
National Skills Academy For Social Care	16850	31238
National Star College	155185.67	31239
National Training	2700	31240
National Training Resources Ltd [GROUPED]	1196	31241
National Trust	24.50	31242
National Trust Mem	88	31243
National Union Of Teachers (Nut)	3900	31244
National Voices	210.58	31245
National Window Films Llp	300	31246
National Working Group Network	1025	31247
National Youth Agency	48017.50	31248
National Youth Choirs Of Great Britain	2437.42	31249
National Youth Orchestra Of	55020	31250
Nationalexpress.Co	551.28	31251
Nationality Directorat	19773.67	31252
Nationaltrust.Org [GROUPED]	22.48	31253
Nationwide Cleaners	562.50	31254
Nationwide Crash Repair Centres Ltd [GROUPED]	21479.52	31255
Nationwide Data Collection	200046	31256
Nationwide Disposables	1770.49	31257
Nationwide Jcc Leeds	65832.85	31258
Nationwide Marquee Hire	322743.17	31259
Nationwide Network Services	567.12	31260
Nationwide Platforms	5016	31261
Nationwide Platforms Ltd [GROUPED]	587380.76	31262
Nationwide Rail	18	31263
Nationwide Retail Systems Ltd	14495	31264
Nationwide Road Planing Ltd	6000	31265
Nationwide Security Services	430	31266
Nationwide Solar Ltd	5264.31	31267
Natl. Amusements (Uk) Ltd [GROUPED]	65.43	31268
Natt	1400	31269
Natural Cinema Productions	1972.80	31270
Natural England	742.50	31271
Natural Environment Research	4293	31272
Natural Gas Servic	18657.80	31273
Natural Gas Services (Training) Ltd	86837	31274
Natural History Museum Trading Company L	4235.45	31275
Natural Products (Uk) Ltd	4907.68	31276
Natural Sciences Collections Association	60	31277
Natural Stone (Leeds)	29.17	31278
Natural Stone (Leeds)Limited	38525	31279
Naturally Creative	33677.50	31280
Nature Picture Lib	1008	31281
Nature Picture Library	200	31282
Nature Planet	12013.75	31283
Naturecounters	233.51	31284
Naturescape	1157.09	31285
Naturescape Ltd [GROUPED]	17.92	31286
Natvarial Patel	650	31287
Natwest	100	31288
Naureen Naz	950	31289
Nautilus Aquatics Mana	280	31290
Naveed Ghaus	50	31291
Naveen Vasudev	100	31292
Navid Ahmad	550	31293
Navigate Resourcing Ltd [GROUPED]	165835.60	31294
Navigation Garage	2009.60	31295
Nawal Mohamed Ali	120	31296
Nawdo	550	31297
Naya Savera	2600	31298
Naylor Industries (2)	7046.49	31299
Naylor Industries Plc	492.71	31300
Naylor Myers Ltd	38.90	31301
Naylors.Com	5.16	31302
Nayyars Solicitors	1182	31303
Nazar Mohamad Faqirzada	260	31304
Nazeem Hussain	50	31305
Nazir Kousar	1010	31306
Nbbmatting.Co.Uk	354.78	31307
Nbc Shoe Repairs	344.28	31308
Nbn International	289.16	31309
Nbpltd.Co.Uk	41.04	31310
Ncc Group Security Services Ltd [GROUPED]	171862.37	31311
Ncc Income	33.60	31312
Ncc Internet	25	31313
Ncc Services Ltd	18245	31314
Ncctc Ltd	1755.60	31315
Ncer Cic	184227.25	31316
Ncfe	2850	31317
Nch (Uk) Ltd	5660.37	31318
Nch Childrens Services Ltd [GROUPED]	147204	31319
Nclark Consulting Services Ltd	5150	31320
Ncma	140194.12	31321
Ncp	4123.34	31322
Ncp Limited Bradford	1.67	31323
Ncp London Royal Gd	63.34	31324
Ncp Ltd [GROUPED]	270.10	31325
Ncp Prebook	6.67	31326
Ncp Sheffield Arundel	10.83	31327
Ncr Ltd [GROUPED]	487.95	31328
Ncs Group	19792.62	31329
Ncs Projects	1600	31330
Ncs Trust	140	31331
Ncs Vue Wamitab Test	2020.50	31332
Ncs*vue Citb Hs&e Rev	2145.29	31333
Nct Generations Supplies	448.15	31334
Nct Sales	2801.48	31335
Ncvo	4565	31336
Ncw Planning & Development Ltd	22	31337
Ncx*sensory Education	350.79	31338
Nd Aquatics Ltd	174.13	31339
Nd Brown Ltd	352024.65	31340
Ndcs Ltd	1220	31341
Ndtg Ltd	1650	31342
Ne3d Ltd	5765	31343
Nea	926	31344
Neal Heppleston	1524	31345
Neal Wood Assessments	200	31346
Neale Dixs	8.49	31347
Neater Solutions Ltd	114729.80	31348
Nebosh	887.50	31349
Nebula Ben	4000	31350
Nebula Law Ltd [GROUPED]	13301	31351
Nec Car Parks	20	31352
Nec Europe Ltd	618.63	31353
Nec Parking	53.66	31354
Nec Uk Ltd	55	31355
Neca Services Ltd [GROUPED]	56.40	31356
Ned Sproston	1605	31357
Needlers Ltd	758.28	31358
Neighbourhood Action	99524	31359
Neighbourhood Action In Farnley	214935.46	31360
Neighbourhood Elders Team	905523.81	31361
Neighbourhoood Elders Team	235938	31362
Neil & Leena Thomson	1411.54	31363
Neil Allen	17492.30	31364
Neil Allen Associates	32500	31365
Neil Allerton	57626.50	31366
Neil Anderson	150	31367
Neil Balfour	60	31368
Neil Beasley Dry Stone Walling	5000	31369
Neil Brook	350	31370
Neil Byrne Locksmith	205	31371
Neil Cameron	3500	31372
Neil Duncan Building	12575	31373
Neil Harris	50	31374
Neil Harrison	70	31375
Neil Hudgell Solicitors	63669.70	31376
Neil Knipe	24255.82	31377
Neil Lee Training	4950	31378
Neil Luck	200	31379
Neil Mercer	1328.85	31380
Neil Peterson Inside Track	560	31381
Neil Smart	450	31382
Neil Stewart Associates Ltd	445	31383
Neil Sumner	6234.17	31384
Neil Sumner Bacs	655	31385
Neil Taylor Training	12316.57	31386
Neil Taylor Training Ltd	46949.69	31387
Neil Thomson	4688.30	31388
Neil White	300	31389
Neil Wittmann	1350	31390
Neil'S Carpets	40070	31391
Neil'S Catering Division	50	31392
Neill Tools	43502.10	31393
Neils	635	31394
Neils Catering Divisio	285	31395
Neils Catering Division	1363	31396
Nelc Internet	60.48	31397
Nella Cards Ltd	128.30	31398
Nelson Insurance Co Ltd	778.97	31399
Nelson Thornes Distance Learning	2603.23	31400
Nelsons Wine Bar	12725.50	31401
Nemesis Systems	425	31402
Neo Property Solut	279880.85	31403
Neo Property Solutions Ltd [GROUPED]	12441773.07	31404
Neomammalian Studios Ltd	1550	31405
Neon Raptor	3410.20	31406
Neon Sheep	13	31407
Neon Workshops Ltd [GROUPED]	20333	31408
Neopost Finance Ltd [GROUPED]	109866.44	31409
Neopost Ltd [GROUPED]	91925.54	31410
Neopost Ltd Credifon Rcb Account	1740500	31411
Neos Networks Ltd [GROUPED]	8548.53	31412
Neotelia	2532.41	31413
Neptune Aquatics Ltd	3700	31414
Nerc	358.76	31415
Nerdoh Ltd	1372.80	31416
Nerukas Soup Kitchen	1700	31417
Nesfield Lodge	3762867.20	31418
Nesfield Lodge (Ics2)	800	31419
Nesfield Lodge Care Home	1566550.83	31420
Nesslegrove	36.78	31421
Nest Egg Developments Ltd	54665.45	31422
Nesta Futurefest	110	31423
Nesw Marine	4982.07	31424
Net Affinity Ltd Tower	3.08	31425
Net Benefit (UK)	115.20	31426
Net Property Solutions Ltd	880	31427
Net World Sports	286.91	31428
Netagon Ltd	259.82	31429
Netball UK Ltd	58.32	31430
Netball Yorkshire	60	31431
Netcall Technology Ltd [GROUPED]	33054	31432
Netcall Telecom Ltd [GROUPED]	38678	31433
Netcare Europe Ltd	21841	31434
Netco Management Services Ltd	5750	31435
Netconstruct Ltd	41912.98	31436
Netflights.Com	142.28	31437
Netflix.Com	214.24	31438
Netherlands Circus	29.96	31439
Nethomes Ltd [GROUPED]	1406.47	31440
Netix Skrzypczynski Piekarczyk Sp.J	92.98	31441
Netkiosk	47.26	31442
Netmums Ltd [GROUPED]	2680.56	31443
Netopian Ltd [GROUPED]	355	31444
Nets4you	3993.54	31445
Nets4you Ltd	691.92	31446
Netsimplicity.Com	6000	31447
Netstore Internet	118.50	31448
Netto	42.36	31449
Netto 2014	75.82	31450
Network Communication Systems Ltd	595	31451
Network Distributing Ltd	1407.42	31452
Network Employment	5896.66	31453
Network Employment Consultancy	12259.34	31454
Network Extender Technologies Ltd	5857	31455
Network Installation Solutions Ltd	485	31456
Network Leeds	250	31457
Network Merchants Ltd [GROUPED]	861.56	31458
Network Rail	946892.68	31459
Network Rail Infrastru	15	31460
Network Rail Infrastructure Ltd	221804.20	31461
Network Solutions  Llc	134.47	31462
Network Uk	2000	31463
Network Ventures Ltd [GROUPED]	3734.50	31464
Networks By Wireless Ltd	16136	31465
Networx Innovate Recruitment	16920	31466
Neuff Athletic Equipme	516.32	31467
Neuff Athletic Equipment Ltd	16158.98	31468
Nev Young	270	31469
Nevies Opticians	55	31470
Neville Court	188962.69	31471
Neville House	1675727.45	31472
Neville P Young	200	31473
Nevisport	215.81	31474
New Age Floatsation	4060	31475
New Age Kurling	230	31476
New Armely Bowling Club	500	31477
New Armley Fc	500	31478
New Beginnings	278683.38	31479
New Beginnings At Park Spring	150640.36	31480
New Bewerley Childrens Centre	247.60	31481
New Chapeltown Development Trust	5987	31482
New Concept Signs	5358.18	31483
New Contemporaries (1988) Ltd	1412.67	31484
New Contemporaries (1998) Ltd	5000	31485
New County Safety Systems Ltd	1794	31486
New Deal Rawson	63985.88	31487
New Economy Ltd	796	31488
New English Teas Ltd	637.92	31489
New Era Housing Association	377306.99	31490
New Exhibitions Of Contemporary Art Ltd	925.90	31491
New Family Social	2320	31492
New Farnley & District Community	2300	31493
New Farnley Community Association	10990.16	31494
New Farnley Cricket Club	1430	31495
New Farnley Vision Group	3432.49	31496
New Futures Counselling	18535	31497
New Harvest Christian Fellowship	150	31498
New Headingley Club Lt	128.33	31499
New Horizon Community School	10000	31500
New Horizons	82078.57	31501
New Horizons (A&A) Ltd	496.92	31502
New Horizons (Stockport) Ltd	45057.14	31503
New Hunslet Hawks Rlfc	69.12	31504
New Hunslet Hawks Rlfc Payments	21252.40	31505
New Hunslet Rlfc	36284.65	31506
New Hunslet Rugby League Company Ltd	1150	31507
New Law Solicitors LLP	480	31508
New Law Solicitors Llp	1797.75	31509
New Leaf (Supporting Independence)	106260	31510
New Leaf Adoption	27000	31511
New Leaf Builders	7150	31512
New Leaf Gardeners	21116.55	31513
New Life Community Church	440	31514
New Line Residential Home	31177.32	31515
New Line Rest Home	69459.65	31516
New Look	1457.87	31517
New Look 1159	51.03	31518
New Look 1744	20.04	31519
New Look 1991	474.64	31520
New Look Internet	364.17	31521
New Look McOmm	36.21	31522
New Madeira Hotel	80	31523
New Monitoring Division	6036.71	31524
New Moon Nursery	5022	31525
New Park Court Chamber	7950	31526
New Perspectives Theatre Company	3768.96	31527
New Philanthropy Capital	320	31528
New Pig Ltd	1006.86	31529
New Pin Shoe Repairs &	15.49	31530
New Progress Care Housing Association	887.81	31531
New Pudsey Stn To	66.28	31532
New Sanams Sweet Centre	20	31533
New Scarborough	400	31534
New Sfs Intec Ltd	25	31535
New Southern Railw	5	31536
New Springwood Nursery	566274.62	31537
New Testament Church Of God	8350	31538
New Thai A Roi Dee	229.95	31539
New Vision Group Ltd	116704.21	31540
New Vision Signs & Graphics	2235.59	31541
New World Gaming	18936	31542
New World Steel Orchestra	5200	31543
New World Street Orchestra	1000	31544
New Wortley Allotment Association	958.58	31545
New Wortley Community Association	115833.04	31546
New Wortley Community Association Ltd	240178.52	31547
New Wortley Community Centre	1375	31548
New Wortley Cricket Club	1451	31549
New Wortley Gardening Club	200	31550
New Wortley Residents Association	4618	31551
New Writing North Ltd	11775	31552
New Yorkshire Food Ltd	319.20	31553
New Zealand Beer Collective	26849.65	31554
Newara Begum	1350	31555
Newbrook	1590962.26	31556
Newbrook (Bondcare)	26691.92	31557
Newby Leisure Ltd [GROUPED]	300	31558
Newcastle Cc Inet	10	31559
Newcastle City Council	28177	31560
Newcastle College	7090	31561
Newcastle Uni Webstore	150	31562
Newcastle Upon Tyne Hospitals Nhs	9265.96	31563
Newcastle Upon Tyne Hospitals Nhs Trust	13383.60	31564
Newcastlegateshead Initiative	3741.40	31565
Newclay Products Ltd [GROUPED]	737.55	31566
Newcomen Consultancy Ltd	5186.50	31567
Newcott Fish & Chips	9.04	31568
Newdon Care Services Ltd	298894.24	31569
Newells Aerials	280	31570
Newells Aerials Limite	191.27	31571
Newells Aerials Ltd [GROUPED]	11227	31572
Newey & Eyre	4880.29	31573
Newey & Eyre Ltd	1863.64	31574
Newey Ltd	4001.61	31575
Newfield Lodge	426064.35	31576
Newfocas	5882.86	31577
Newfox Ltd [GROUPED]	53075.64	31578
Newgate (Newark) Ltd	732	31579
Newground Cic	350	31580
Newitt & Co Ltd	38230.62	31581
Newitts.Com	4935.73	31582
Newittscom	2048.08	31583
Newland Hurst	124662.81	31584
Newland Store Ltd	79.31	31585
Newlandmedia Ltd	6032.62	31586
Newlands And Denshaws Residents Group	2435	31587
Newlands Community Transport	70	31588
Newlands Get Together Club	52	31589
Newlands Hall	75217.55	31590
Newlands Methodist Church	4070	31591
Newlands Parents Teacher Assiociation	600	31592
Newlay And Whitecote Residents	2964.49	31593
Newlife Cleaning Systems Ltd	14517	31594
Newline Care Services	143150.41	31595
Newline Care Services Ltd	42907.51	31596
Newloo Services	8975	31597
Newman & Bond Solicitors	1500	31598
Newman Evans Ltd [GROUPED]	3800	31599
Newport Holdings Ltd [GROUPED]	7242.86	31600
Newquest	250	31601
Newross Impex Ltd	244.99	31602
Newroz Restaurant	75	31603
News Plus	183	31604
News Uk & Ireland Ltd [GROUPED]	1665.60	31605
Newsagents	11.40	31606
Newsbank Inc	37475	31607
Newsco Insider Ltd	52667	31608
Newsmith Stainless Ltd	28587.11	31609
Newsome Nursing Home	20579.69	31610
Newspaper Club	983	31611
Newspaper Licensing Agency Ltd [GROUPED]	18669.85	31612
Newsprints	30	31613
Newsprints Ltd	28.57	31614
Newsquest (Bradford) Ltd	615.60	31615
Newsquest (Yorkshire & Northeast) Ltd	1113.70	31616
Newsquest Media	1178.88	31617
Newsquest Media Group	6	31618
Newsquest Media Group Ltd [GROUPED]	450	31619
Newstead & Walker	80025.57	31620
Newstime	3940.05	31621
Newstime Ltd	3770.20	31622
Newstime Uk Ltd	7943.12	31623
Newton Futures Residents Association	50	31624
Newton House	17159.48	31625
Newton Park Residents Association	225	31626
Newton Security Doors Ltd [GROUPED]	7596	31627
Newtons Solicitors	250	31628
Newway Office Furniture Ltd	95	31629
Newzeye Ltd	672	31630
Nexon Scm Group Ltd	207.50	31631
Nexstor Ltd	52583	31632
Next 0414	60.05	31633
Next 0523	35.05	31634
Next 0696 Leeds Colton	688	31635
Next 0713	158.10	31636
Next 0972 Cas/ford	145.05	31637
Next Barnsley 397	32.05	31638
Next Directory	3311.96	31639
Next Generation Arts	28587.70	31640
Next Leeds Crown 0358	339.37	31641
Next Let Ltd [GROUPED]	415	31642
Next Retail Ltd	3404.91	31643
Next Step Care Management	96717.99	31644
Next Step Care Management Ltd	175493.70	31645
Next-0423	238.09	31646
Next-Up Ltd [GROUPED]	5000	31647
Nextday Catering Equipment Supplies Uk	1021.67	31648
Nexus Assist	530.71	31649
Nexus Dms Ltd	16291.21	31650
Nexus Drinks Systems L	1722.04	31651
Nexus Drinks Systems Ltd [GROUPED]	1746.74	31652
Nexus Group	135.91	31653
Nexus Leeds Ltd [GROUPED]	3604.10	31654
Nexus The Educators Co	298	31655
Nexus The Educators Connection Ltd	1181	31656
Nexus Travel Shop	15.60	31657
Nfb/onf-Videos-Montreal	228.74	31658
Nfu Mutual	2340.03	31659
Nfumis	12638.65	31660
Ng Bailey Facilities Services Ltd [GROUPED]	13677.43	31661
Ng Bailey Group	7300	31662
Ngc Networks Ltd [GROUPED]	4200	31663
Ngi Solutions Ltd [GROUPED]	35241.50	31664
Ngongo Kidiadi	8058.39	31665
Ngs Secure Ltd	58930	31666
Ngst	852	31667
Ngu Home Lettings	625	31668
Nh Belvedere	163.25	31669
Nhan Nguyen	790.06	31670
Nhbs Ltd	9045.60	31671
Nher	12354.08	31672
Nhs Blackpool Ccg	14897.16	31673
Nhs Business Services Authority	10236049.91	31674
Nhs Confederation	4675.80	31675
Nhs Confederation (Services Ltd)	8567.70	31676
Nhs Ddes Ccg	8168.95	31677
Nhs Digital	6585.84	31678
Nhs England	234581.15	31679
Nhs Greater Huddersfield Ccg	58403.83	31680
Nhs Health Scotland	1133.55	31681
Nhs Leeds	495	31682
Nhs Leeds Ccg	122250	31683
Nhs Leeds Clinical Commissioning Group	3971381.91	31684
Nhs Leeds North Ccg	1321576.12	31685
Nhs Leeds Pct	87578	31686
Nhs Leeds South And East Ccg	5936774.57	31687
Nhs Leeds West Ccg	1064249.18	31688
Nhs Rotherham	2000	31689
Nhs Sbs	13436.50	31690
Nhs Supply Chain	586239.74	31691
Nhs Trust	1427.47	31692
Nhs Wakefield Ccg	170750	31693
Nhs Yorkshire And Humber Csu	25540.68	31694
Nia Yorkshire Ltd	80	31695
Niace.Co.Uk	93.33	31696
Niall Turner	20	31697
Niamh Ross	300	31698
Nic Eic Sales	2189.40	31699
Nic Gun Design	4625	31700
Nic Nicolaou	353.14	31701
Nic Services Group Ltd	36073.83	31702
Nice 'N' Naughty	7881.47	31703
Nice N Naughty Leeds Ltd	699	31704
Niceic	12805.90	31705
Niche Contractors	7730	31706
Niche Homes Ltd	7105	31707
Nichola Blackburn	13	31708
Nichola Pemberton	14260	31709
Nicholas & Rs Collins	860	31710
Nicholas Bacon Qc	11800	31711
Nicholas Barker	540	31712
Nicholas George	900	31713
Nicholas Hardaker	150	31714
Nicholas Hill	5789.58	31715
Nicholas Hird	25	31716
Nicholas House	3646.68	31717
Nicholas J. Frith	758	31718
Nicholas Jones	99329.03	31719
Nicholas Kidd	690.17	31720
Nicholas Mason	5675	31721
Nicholas O'Brien	575	31722
Nicholas Price	2000	31723
Nicholas Randles	6503.07	31724
Nicholas Seivewright	3793.29	31725
Nicholas Singleton	3850	31726
Nicholas Thompson	1225	31727
Nicholas Todd Ltd	3106.20	31728
Nicholas Worsley	150	31729
Nick Baines	64.58	31730
Nick Billam	13	31731
Nick Brooke Ltd	9244.28	31732
Nick Copland	2200	31733
Nick Davis	4000	31734
Nick Deakin	263.50	31735
Nick Eage Photography	1150	31736
Nick Hodgson Photography	1000	31737
Nick Manning	25196.76	31738
Nick Nicolaou	66124.97	31739
Nick Quantrill	100	31740
Nick Radcliffe	4570	31741
Nick Sharratt	4718.89	31742
Nick Singleton	11771.50	31743
Nick Singleton Photography	910	31744
Nick Vickerman	6140	31745
Nick Ward	725	31746
Nick Winton	750	31747
Nicki Davy	282.42	31748
Nicki-Joe Baxter	2743.88	31749
Nicky Losseff	220	31750
Nicky Noodles Entertainment	80	31751
Nicola Anderson	17983.82	31752
Nicola Anne Frost	2638.30	31753
Nicola Barker	8425.95	31754
Nicola Blackburn	150	31755
Nicola Cooper	9659.47	31756
Nicola Greaney	1800	31757
Nicola Hughes Consulting	1875	31758
Nicola Jane Kendrew	3776.47	31759
Nicola Linacre	1680	31760
Nicola Llewellyn-Richards	29064	31761
Nicola Oakley	34.50	31762
Nicola Phillipson	22354.16	31763
Nicola Roche & Lee Hodgkins	600	31764
Nicola Rowlands Creative	350	31765
Nicola Stephenson	13800	31766
Nicola Twine	21175	31767
Nicolas Carew	50	31768
Nicolas Lewis	50	31769
Nicolas Nicolaou - Yes Scheme Landlord	554.41	31770
Nicole Brown Consultants	2240	31771
Nicole Erlen	4021.67	31772
Nicoleta Alistari	12700	31773
Nicoll Industries Ltd [GROUPED]	329.16	31774
Nicolle Levine	610.35	31775
Nidderdale Group Practice	30.28	31776
Niels Larsen Ltd	140	31777
Nielson Book Services Ltd	238.80	31778
Nifty Fox Creative	730	31779
Nigel Cave	150	31780
Nigel Clarke	758	31781
Nigel Frank International Ltd	191450	31782
Nigel Grizzard	100	31783
Nigel Hall	20000	31784
Nigel Jamieson	550	31785
Nigel Karl Stone	300	31786
Nigel Larkin Ltd	10595	31787
Nigel Mckee	7760	31788
Nigel Millett	550	31789
Nigel Ogden	1000	31790
Nigel Peever	150	31791
Nigel R Larkin Natural History	4369	31792
Nigel Richardson (North Devon) Ltd [GROUPED]	2104.15	31793
Nigel S Guy	200	31794
Nigel Taylor	725	31795
Nigeria Community Leeds (Ncl)	6100	31796
Nigerian Community Leeds	1243.12	31797
Nigerian Community Leeds Uk	2462	31798
Nigerian Community Leeds- Ncl	2000	31799
Night Lodge Ltd	65	31800
Nightflyers Dance Band	800	31801
Nightingale Care Beds Ltd	1920	31802
Nightingale Care Home Ltd	7255.83	31803
Nightingale Cottage	16897.32	31804
Nightingale Primary Academy	6025.05	31805
Nightline	125	31806
Niji Services Ltd	148271.64	31807
Nik Powis	400	31808
Nike Factory Store	168.60	31809
Nike Savvas	5000	31810
Nike Store 00526	134.76	31811
Nike Store 00983	141.43	31812
Nike00526	447.71	31813
Nike00983	254.17	31814
Niki Braithwaite	2156	31815
Nikki Hope	2730.90	31816
Nilesh & S Gandhi	550	31817
Nilesh Desai	500	31818
Nilesh Vyas	242.25	31819
Nilfisk Advance Ltd	4998.80	31820
Nilfisk-Alto	658.98	31821
Nima Properties (Nic Nicolaou)	4246.29	31822
Nimbus Healthcare	892.25	31823
Nina Baptiste	1690	31824
Nina Kane	5170	31825
Nina Phelps	200	31826
Nina Spilsbury	480	31827
Nina Turton	50	31828
Nine Hundred Comms	1226.73	31829
Nine Hundred Communications Ltd [GROUPED]	70286.02	31830
Nineteen Fifty Three	18470.35	31831
Ning Hui See	400	31832
Ningbo Manufacturing	6972.56	31833
Nipa Tatham	445	31834
Nippy Taxis	575	31835
Nirmala Kaur	10700	31836
Nisa Local	105.74	31837
Nisa Lofthouse	6.09	31838
Nisai Virtual Academy	2750	31839
Nisbets	243777.67	31840
Nisbets Plc	10444.83	31841
Nisshan Conven Str 413	109	31842
Nite Inn Bed & Breakfast	199356	31843
Nite Inn Bed And Breakfas	1217	31844
Niton Equipment	59.95	31845
Niton Equipment Ltd [GROUPED]	1630.90	31846
Nitro Digital Ltd [GROUPED]	541.41	31847
Nivi Gp Locums Ltd	30	31848
Nixonhire.Co.Uk	4539.88	31849
Nj Metals	100	31850
Njm Landscapes	7500	31851
Njp Consultancy & Training Ltd	3800	31852
Nkuku	530.40	31853
Nl Commercials (Leeds)	1131.19	31854
Nl Commercials Ltd	10183.14	31855
Nla Media Access Ltd [GROUPED]	54812.63	31856
Nls Tools	61.66	31857
Nmcn Plc	282407.04	31858
Nmd Trading Company	378.97	31859
Nmsi Enterprises	800	31860
Nmtf	280	31861
Nncdop	148	31862
No 5 Chambers Ltd	20	31863
No 7 Bridge End Hair Salon	300	31864
No Dfa Received Acct Rede	270	31865
No Gloss Film Festival	700	31866
No More Taboo	1100	31867
No Nation Ltd	5692.24	31868
No Show Charge	93.50	31869
No Third Entertainments Llp	55346.92	31870
No Third Eye Entertainments Llp	41320.61	31871
No Way Trust Ltd	75	31872
No1 Carpet Cleaners	83.99	31873
No5 Chambers	240	31874
Noah Stewart	2000	31875
Noah'S Ark Playcentre Private Nursery	91458.03	31876
Noah's Ark Playcentre Private Nursery	8674.75	31877
Noahs Ark Kindergarden	240920.58	31878
Nobel Fire Systems Ltd	4465	31879
Noberne Doors	14615.92	31880
Noberne Doors Ltd [GROUPED]	567.78	31881
Noble Comb	4.50	31882
Noble Gift Packaging L	39.71	31883
Noblet Municipal Services Ltd	432038.03	31884
Nochex	509.48	31885
Nochex - 0113 344 3996	300.97	31886
Nochex-Sensory Educati	353.69	31887
Nochex-Value Pet	14.87	31888
Nochex.*cactus Shopnochex	36.89	31889
Nochex.*promo Poncho Uk	900	31890
Nochex.*sensory Education	107.32	31891
Nochex.*the Spider Shop	1784.57	31892
Noel Ward	2450	31893
Nofas Uk	35	31894
Noguru Ltd	1652	31895
Noisemeters Ltd	3995	31896
Nom Nom Kitchen	43	31897
Nomad	1817.75	31898
Nomad Plc	651.25	31899
Nomad West Coast L	4.17	31900
Nominet Uk	135	31901
Nomix Enviro	4168.25	31902
Nomix Enviro Ltd	57128.03	31903
Nomix Enviromental	181665.93	31904
Non-Binary Leeds	80	31905
Nong Fern	16.65	31906
Nonsense Room Productions	3063.13	31907
Nonstop Recruitment Ltd	110477.18	31908
Norbain	25044.76	31909
Norbain Holdings Ltd	477912.63	31910
Norbain Sd Ltd [GROUPED]	1715319.97	31911
Norbain Security	173826.90	31912
Norchem Healthcare Ltd Bi	12.29	31913
Nord Anglia Nurseries	80348.56	31914
Nordic Care Services	8739.71	31915
Nordic Care Services Ltd	8090.17	31916
Nordic Products & Services Ltd	30000	31917
Norfolk & Norwich University Hospitals	161.96	31918
Norfolk And Norwic	134	31919
Norfolk Cc Order T	925.83	31920
Norfolk County Council	52787.14	31921
Norfolk Frames Ltd	223415.70	31922
Norfolk Frames Ltd (In Administration)	21538.86	31923
Norfolk Mouldings Ltd [GROUPED]	12363.51	31924
Norfolk Park Catering Ltd	224.20	31925
Norgrove Studios Ltd	296.70	31926
Norland Guest House Ltd	774.40	31927
Norman Ashworth Ltd	31497.50	31928
Norman Haynes Ltd	682.09	31929
Norman Hdson Care Home	600	31930
Norman Hudson Nursing Home	55757.99	31931
Norman Taylor	43791.30	31932
Norman Travis	161.31	31933
Normanby House Residential Home	11113.31	31934
Normans (Burton Upon Trent) Ltd	2574.64	31935
Normanton Catering Tec	2797.82	31936
Normanton Catering Technicians Ltd	156.89	31937
Normanton Laminating Services Ltd	375.80	31938
Normanton Village Care Home	4267.20	31939
Norris Box	600	31940
Norseman Direct	43834.60	31941
Nortek Global Hvac	8281.86	31942
North & West Yorkshire Asbah	600	31943
North & West Yorkshire Working Well	110	31944
North Ayrshire Council	29.55	31945
North Bar	21771.20	31946
North Bar Ltd	15729.73	31947
North Bay Fisheries	22.55	31948
North Brew Co	15812.75	31949
North Brewing Co	4728	31950
North British Housing Association	42402.38	31951
North Devon Healthcare  Nhs Trust	1594	31952
North Direct Ltd	616.68	31953
North East Autism Society	836238.50	31954
North East Kayaks And Paddles	3166.62	31955
North East Lincolnshire Council	529406.96	31956
North East London Nhs Foundation Trust	495	31957
North East Producers Ltd	160	31958
North East Regional Employer	298	31959
North East Truck Spares Ltd	29852.51	31960
North Essex Signs Ltd	1205	31961
North House Surgery	151.71	31962
North Hyde Park Neighbourhood	1500	31963
North Hyde Park Neighbourhood Associatio	650	31964
North Illustration	300	31965
North Lanarkshire Coun	25	31966
North Lanarkshire-Cnp	15	31967
North Leeds Bowling Club	4509.62	31968
North Leeds Community Nursery	611611.29	31969
North Leeds Cricket Club	24730	31970
North Leeds District Scout Council	2500	31971
North Leeds Life	2590	31972
North Leeds Life (Uk) Ltd	34009	31973
North Leeds Medical Practice	144906.53	31974
North Leeds Mumbler	2644	31975
North Leeds Music Centre	1224.33	31976
North Lincolnshire Cou	2854.56	31977
North Lincolnshire Council	1665038.87	31978
North Middlesex University Hospital	2251.86	31979
North Midland Construction Plc	19616680.42	31980
North Music Trust	37330	31981
North Of England Activities & Training	26077.15	31982
North Of England Enterprises Ltd [GROUPED]	1023.16	31983
North One Solicitors	1867	31984
North Parade Car Park	285.45	31985
North Park Care Centre	35880	31986
North Park Properties	16375	31987
North Print Ltd	65.32	31988
North Seacroft Good Neighbours	410790.80	31989
North Somerset Council	40500	31990
North Star Coffee	1750	31991
North Star Safety Training	1570	31992
North Street Deli	10.70	31993
North Tyneside Council	31750	31994
North West 1 Family Services Team	130.76	31995
North West Employers	25913.15	31996
North West Homes Ltd	2640	31997
North West London Hospitals Nhs Trust	159	31998
North West Media Services Ltd	4720	31999
North Yorkshire Advocacy	960	32000
North Yorkshire Building Control	190.40	32001
North Yorkshire Care	40049.37	32002
North Yorkshire Co	10	32003
North Yorkshire County	915.50	32004
North Yorkshire County Council	4751096.28	32005
North Yorkshire County Council -	12184.56	32006
North Yorkshire Police Authority	35	32007
North Yorkshire Securities Ltd	770	32008
North Yorkshire Youth Ltd [GROUPED]	684	32009
Northamptonshire County Council	78771.43	32010
Northamptonshire Healthcare	3033	32011
Northamptonshire Music &	150	32012
Northcall	80518.61	32013
Northcall Swingers Luncheon Club	6204	32014
Northcroft Fabrics Ltd	20115.68	32015
Northeast Kayaks & Paddl	1246.65	32016
Northeast Producers	1000	32017
Northeast Producers Lt	75.50	32018
Northeast Psychology Services Ltd	11086.72	32019
Northern Artists Gallery	1759	32020
Northern Assessors Ltd	12551.70	32021
Northern Ballet Theatre Ltd [GROUPED]	2162573.22	32022
Northern Ceramic Society	180	32023
Northern Chimney Lining Systems	2300	32024
Northern College	643985.51	32025
Northern Comfort Barbershop Singers	300	32026
Northern Commercials (Mirfield) Ltd	1531797.13	32027
Northern Community Pathways	74517.82	32028
Northern Community Pathways Ltd [GROUPED]	12902.98	32029
Northern Compressed Air Ltd	900	32030
Northern Container	2073.63	32031
Northern Containers Ltd	97749.16	32032
Northern Counties Housing	4761.83	32033
Northern Design Collective	810	32034
Northern Devon Healthcare Trust	5996	32035
Northern Exposure Photographic Services	5651.30	32036
Northern Fitness And Education	430	32037
Northern Flags Ltd	14705.62	32038
Northern Foam And Upholstery	600	32039
Northern Gas Networks Ltd	2864758.84	32040
Northern Heatlink	6044	32041
Northern Hire Ltd	190	32042
Northern Housing Consortium	853910.32	32043
Northern Housing Consortium Ltd	59921.17	32044
Northern Impression Ltd [GROUPED]	3225	32045
Northern Impressions Ltd	250	32046
Northern Installation Services Ltd [GROUPED]	69654.50	32047
Northern Kilns Ltd	964.33	32048
Northern Label Sys	74.85	32049
Northern Lettings & Property Management	495	32050
Northern Life Care	2751589.75	32051
Northern Life Care Ltd [GROUPED]	28525773.87	32052
Northern Lights Creative Ltd	8900	32053
Northern Mens & Boyswear	3092.70	32054
Northern Mobility	37.60	32055
Northern Mobility Services	1225	32056
Northern Monk Brewing	902.68	32057
Northern Monk Brewing Co Ltd	28230.14	32058
Northern Municipal Spare	1024.65	32059
Northern Municipal Spares Ltd	21288.36	32060
Northern Opera Group	17900	32061
Northern Parking Manag	14	32062
Northern Power Grid	2452.10	32063
Northern Powergrid	77801.56	32064
Northern Powergrid (Yorkshire) Plc	6213142.22	32065
Northern Print Distribution	599	32066
Northern Print Distribution Ltd	1198	32067
Northern Radiators	1771	32068
Northern Radiators Lim	2254	32069
Northern Radiators Ltd	7901	32070
Northern Rail	4990.62	32071
Northern Rail Ltd [GROUPED]	225382.21	32072
Northern Rail Ltd-	68.11	32073
Northern Rail Telesale	407.10	32074
Northern Rail Websales	1105.20	32075
Northern Rascals	2250	32076
Northern Refugee Centre	1646.11	32077
Northern Safety	7846.80	32078
Northern Safety Ltd	4175	32079
Northern School Of Contemporary	104407.50	32080
Northern Shared Care	75	32081
Northern Short Breaks	30	32082
Northern Signcases	850.68	32083
Northern Sink Supplies Ltd [GROUPED]	1146.11	32084
Northern Snooker Ctr	89.16	32085
Northern Straw Co Ltd	1834.20	32086
Northern Ux	180	32087
Northern Vehicle Distribution	116.67	32088
Northern Vending Service	1256.68	32089
Northerncare	5317226.33	32090
Northerngasnetwork	10942.89	32091
Northernrailway.Co.Uk	17	32092
Northface	35.83	32093
Northfield Care Centre	5058.20	32094
Northfield Community Centre	1420	32095
Northfield Gardening Club	1100	32096
Northfield Manor Nursing & Residential	2587.49	32097
Northfields Community Centre	500	32098
Northgate Information Solutions UK Ltd	7628	32099
Northgate Information Solutions Uk Ltd	929999.26	32100
Northgate Plc	587	32101
Northgate Public Services Uk Ltd [GROUPED]	921485.98	32102
Northgate Surgery	341.42	32103
Northgate Vehicle Hire	34011.72	32104
Northgate Vehicle Hire (Yorkshire &	54809.58	32105
Northgate Vehicle Hire (Yorkshire & Humber) Ltd	13385.89	32106
Northgate Vehicle Hire Ltd	338127.16	32107
Northgate Vehicle Solutions Ltd	8570.28	32108
Northgene	437.50	32109
Northgene Ltd	95	32110
Northleedsl	2881.67	32111
Northone Solicitors (Leeds) Ltd [GROUPED]	84125.78	32112
Northpoint Wellbeing Ltd [GROUPED]	748512	32113
Northside Truck & Van	1026.61	32114
Northside Truck & Van Ltd	4673953.42	32115
Northsky	5000	32116
Northstead Community Primary School	60	32117
Northumberland Cc	12	32118
Northumberland County Council	25916.57	32119
Northumberland Tyne And Wear Nhs	573027	32120
Northumbria Calv	3126.78	32121
Northumbria Healthcare Nhs Foundation	1508	32122
Northwest Leaving Care Services Ltd	33708.70	32123
Northwind 5s Ltd [GROUPED]	600	32124
Northwood	2945	32125
Northyorks.Gov.Uk	95	32126
Norton Barrie	30	32127
Norton Connor Ltd [GROUPED]	205468.99	32128
Nortonics Foxtam Ltd	93.96	32129
Norwegian Ai	1811.70	32130
Norwel Computer Services Ltd [GROUPED]	4312.72	32131
Norwich Books And Music	3791.20	32132
Norwood Homes	3066.60	32133
Norwood House Nursing Home	74396.02	32134
Norwood Ravenswood Services Ltd [GROUPED]	166455.20	32135
Norwood Schools Ltd [GROUPED]	616264.08	32136
Noshy Sajid	30	32137
Not Just Another Theatre Company	898.33	32138
Nota	1099	32139
Note Machine Uk Ltd	16126.60	32140
Noteability Concert Band	2400	32141
Nothern Arts Factory Ltd [GROUPED]	575	32142
Nothing But Padloc	241.29	32143
Nothingbutpadlocks	59.99	32144
Notice Board Company	1355	32145
Notice Board Company (Uk) Ltd [GROUPED]	3786	32146
Notintone House Care Home	18858.88	32147
Notjustballoons	275.77	32148
Notonthehighstreet.Com	306.28	32149
Notre Dame High School	500	32150
Notre Dame Rc 6th Form	3.88	32151
Nott Emt Carpark	19.58	32152
Notting Hill Gt Hotel	75	32153
Nottingham City Co	33	32154
Nottingham City Council	61244.54	32155
Nottingham Community Housing Association	360.84	32156
Nottingham Rehab	150541.31	32157
Nottingham Rehab Ltd [GROUPED]	384797.76	32158
Nottingham Trent University	8035.58	32159
Nottingham Uni Hospitals Nhs Trust	40114.17	32160
Nottinghamshire County Council	130024.45	32161
Nottinghamshire Healthcare Nhs Trust	4315	32162
Nottinghamshire Ymca	339387.06	32163
Notts County Council	52	32164
Nouvelles Images	451.30	32165
Nova Scotia Medical Centre	2931	32166
Nova Wakefield District Ltd [GROUPED]	216635.46	32167
Novak Media Ltd	15000	32168
Novalecterns.Co.Uk	705	32169
Novar Systems Ltd	44747.70	32170
Novatron Scientific Ltd	11466	32171
Novell Ireland Software Ltd	35285.25	32172
Novell Uk Ltd	2047050.19	32173
Novotel	1310.04	32174
Novotel Accor Hotels	220	32175
Novotel Centrum W W-Wi	193.44	32176
Novotel Coventry	2.80	32177
Novotel Gent Centrum	334.96	32178
Novotel Hotels	1924.66	32179
Novotel Leeds Centre	920.81	32180
Now Wireless Ltd	24538	32181
Nowell Fourcourts Ltd	5334	32182
Nowell Service Station	1218.80	32183
Nowtv.Com/Billinghelp	126.82	32184
Npg Homeheat Ltd	673.80	32185
Npl*new Pig Ltd	860.38	32186
Npower	201078.29	32187
Npower Commercial Gas Ltd [GROUPED]	16470.19	32188
Npower Ltd [GROUPED]	46166919.49	32189
Npower Ltd (Sme Electric	724.44	32190
Npower Northern Ltd [GROUPED]	115216.77	32191
Npower Yorkshire Ltd [GROUPED]	29093	32192
Nps Humber Ltd	9724.50	32193
Nps Leeds Ltd	1175672.61	32194
Nps North East Ltd	66423.24	32195
Nram Plc	1200	32196
Nrg Developments	9385.13	32197
Nrm York Events	800	32198
Nrs Healthcare	910.96	32199
Nrs-Uk	40.68	32200
Nrthside Trk&vn Cn Ltd V	125	32201
Ns Diemen Zuid	13.60	32202
Ns Eindhoven	16.68	32203
Ns Media Group Ltd	570	32204
Ns Rotterdam Centraal	13.89	32205
Ns Schiphol	84.43	32206
Ns Utrecht Centraal	26.70	32207
Ns Whitaker	47500	32208
Nsa	750	32209
Nsalg Ltd	255.04	32210
Nsi Hq Ltd	297.07	32211
Nspcc	6285	32212
Nspcc Publications	454.83	32213
Nspcc Registered Charity	36701.09	32214
Nspcc Shopify	12.95	32215
Nspcc.Csod.Com	60	32216
Nsr Management Ltd	4220	32217
Nst Travel Group	2880	32218
Nt&As	25797.50	32219
Nti Audio	11714	32220
Nti Audio Uk Ltd	335	32221
Ntl Virgin Media Payments Ltd	258231.72	32222
Ntm-Gb Ltd	10284.11	32223
Ntombizodwa Nyoni	250	32224
Nts	40.85	32225
Nts Hill Of Tarvit	3.50	32226
Nts Live Ltd	5000	32227
Ntu - Singpore	114.28	32228
Ntw Nhs Trust	3519370.02	32229
Nu Construction Ltd	663420.08	32230
Nu Look Mobile Phones &	144	32231
Nu Nu	446.34	32232
Nu-Form Fire Uk Ltd [GROUPED]	291	32233
Nuestra Escuela Leeds	4300	32234
Nuffield Hospitals	4599	32235
Nugent Adoption Services	28667	32236
Nugent House School	100715.79	32237
Nuim.Ie	173.05	32238
Nuit Saint Georges	158.87	32239
Numatic Internatio	47802.67	32240
Numatic International Ltd	61222.58	32241
Number 1 Letting	126.92	32242
Number Plates (Scotlan	1144.89	32243
Number Plates (Scotland) Ltd	201.45	32244
Number9 Services Ltd	6566.11	32245
Numiko	8419.50	32246
Numiko Ltd	132	32247
Nuneaton Signs	3774.19	32248
Nunu Ltd	460.20	32249
Nuovo Hotel Del Porto	787.29	32250
Nursery Garth Community Group	2654	32251
Nursling Property Management Ltd	1350	32252
Nurture	450	32253
Nurture Training And Development	7714.08	32254
Nurture Training And Development Ltd	5380.89	32255
Nurture@Kentmere	300	32256
Nurtured Heart Approach Uk	8237.50	32257
Nurturing Potential	120	32258
Nurturing Potential C/O Peter Thompson	470	32259
Nusrat Mir	375	32260
Nutramulch Leeds Ltd	250001.19	32261
Nutramulch Yorkshire Ltd	267779.60	32262
Nuvia Ltd [GROUPED]	300	32263
Nuwave Display Ltd	123.63	32264
Nv Legal (Client Account)	5000	32265
Nv Legal Ltd [GROUPED]	2226	32266
Nw Gummerson	189	32267
Nw Lets - Client Account	600	32268
Nwcmg  'Getting It Right First Time'	40	32269
Nwe Paints Ltd	81.85	32270
Nwfed	36	32271
Nwg Network	323.12	32272
Nwt Supplies	2063.04	32273
Nwtc Ltd	3021.84	32274
Nxdimension Ltd [GROUPED]	751.50	32275
Nxt Conferences	300	32276
Nxt.Co.Uk	260	32277
Nya*flamingo Land Ltd	6	32278
Nyas	29026.83	32279
Nybep Ltd	1315	32280
Nycc	7470	32281
Nycc Harrogate Grammar School	1575	32282
Nycc Malton Community Primary School	515.80	32283
Nycc St John Fisher Rc High School	384.40	32284
Nycc Tadcaster Grammar School	100	32285
Nycomm Ltd	394.88	32286
Nyengeterai Munangati [GROUPED]	550	32287
Nyfast	2440.75	32288
Nyg Construction Ltd	26234.80	32289
Nyla Levy	72.87	32290
Nynet Ltd	21113.20	32291
Nyx Cosmetics Uk	9.96	32292
Nyx*lrs	1.80	32293
THE NUGENT CARE SOCIETY	65964	43251
The Name Label Company Lt	5.81	44623
The National Archives	49.04	44624
The National Association Of Citizens	43670	44625
The National Autistic Society	6035	44626
The National Council For Palliative Care	2345	44627
The National Federation Of Gypsy Liasion	196.20	44628
The National Food Forum	1329.90	44629
The National Football	77	44630
The National Leaflet Company	12286.52	44631
The National Practitioner Support	1196	44632
The National Skills Academy For	15785	44633
The National Trust	3136.98	44634
The Nationwide Door To Door Company	4173.38	44635
The Natural History Museum	138.95	44636
The Nec	13.33	44637
The Nelson Trust	19512	44638
The Nestbox Company Ltd	295	44639
The Networking People	59921.25	44640
The New Beehive Inn	498.38	44641
The New Ellington - Re	104.16	44642
The New Futures	225402.50	44643
The New Inn	7.55	44644
The New Mayfair Hotel	500	44645
The New Torre	600	44646
The New World Steel Orchestra	900	44647
The New Wortley Community Association	267466	44648
The Newgate Medical Group	151.42	44649
The Noise Next Door Ltd	1018.92	44650
The North Light Gallery	500	44651
The North Western	7.63	44652
The Nugent Care Society	572029	44653
The Nurseries	5080.29	44654
The Nurtury Montessori At Moortown	926264.58	44655
northern rail ltd	2360	51465
