"Met , Langley & Millington Res Grp"	4000	19
"Metamorph Law,c/o L Myers Solicitor"	8332.40	20
"Michael L Shaw Fabrications Ltd.,"	7776	21
M & G Transport & Technical Service	515	7554
M & J Builders	2060	7555
M & J Distributors Ltd	1819.70	7556
M & J Seafood Ltd	6332.79	7557
M & M Cleaning Services Ltd	266839.41	7558
M & M Cleaning ServicesLtd	17317.59	7559
M & M Medical Reports Ltd [GROUPED]	750	7560
M & Q Estates Ltd	78899.32	7561
M & Q Properties Ltd	133074.29	7562
M & Q Properties Management Ltd	2798945.26	7563
M D Insurance Services Ltd	19528.06	7564
M I BANKS SOLICITORS	1073.30	7565
M J Hulton Ltd	67780.34	7566
M J Mapp	1352217.30	7567
M J Preston Shoot	11926.75	7568
M S Legal	130160	7569
M T Architectural Consultants Ltd	20312.44	7570
M Travel	939456.98	7571
M&G Transport & Technical Services	142218.68	7572
M&M Beale Ltd [GROUPED]	770	7573
M&M Medical Reports Ltd	750	7574
M&O Ltd	45947.52	7575
M-R-S Communications Ltd	8727.78	7576
M/Cr & Lancashire Family History So	6089.19	7577
M/c & District Beekeepers Ass	2000	7578
M/c Community Walking Fball Club	1250	7579
M/cr City Badminton Develop. Group	2630	7580
M/cr Creative & Media Academy	5076	7581
M/cr Sea Cadets Unit 230 Trafalger	1750	7582
M13 Youth Project	339158.18	7583
M3 Industries	650	7584
M3 Industries Ltd	7373.54	7585
M6 Theatre Company	41300	7586
M60 Flooring Ltd	3620	7587
M65 Gas Training and Assessment Ltd	17977.50	7588
MA Education Ltd [GROUPED]	15818	7589
MA GE BO LUO	513.13	7590
MAAFA Commemorative Committee	3750	7591
MAC PROPERTIES	4852.64	7592
MAC Properties	910	7593
MACDONALD HOTELS MANCH	6955.63	7594
MACDONALD TOWNHOUSE	666	7595
MACFARLANE GROUP WIGAN	655	7596
MACFEST	7500	7597
MACLOCKS	1701.52	7598
MACO Homework Club	573.06	7599
MADE.COM	2648	7600
MADINA PROPERTY LTD	2267.85	7601
MAGANTY HEALTH SERVICES LTD	2250	7602
MAILCHIMP	8729.87	7603
MAIN   MAIN	3326	7604
MALMAISON MCHESTER	891.67	7605
MALTINGS PROPERTY MANAGE	519	7606
MAN UTD TICKET OFF	808	7607
MANCHESTER AIRPORT	1182	7608
MANCHESTER AIRPORT HOLDINGS LTD	3740000	7609
MANCHESTER AND SALFORD CE	1723	7610
MANCHESTER CAR REPAIRS LTD	548.12	7611
MANCHESTER CARS	37760.66	7612
MANCHESTER CENTRAL C C	23638.26	7613
MANCHESTER CITY COUNCI	2142.12	7614
MANCHESTER HALL LTD	1246.88	7615
MANCHESTER MALAYALEE ASSOCIATION	500	7616
MANCHESTER MOTOR FACTO	680.40	7617
MANCHESTER SEA CADETS UNIT 230	1750	7618
MANCHESTER SETTLEMENT	1596.24	7619
MANCHESTER TOWNHOUSE	1650	7620
MANTAX	39598.12	7621
MAP Engineers Ltd [GROUPED]	685	7622
MARINA ROPE LTD	8423.52	7623
MARPOL Security Ltd	2600	7624
MARRIOTT HOTEL SH LUWAN	1093.98	7625
MARSHALLS	576.33	7626
MARSTON GROUP	1091.83	7627
MAS ENVIRONMENTAL	3985	7628
MAS Laundry Engineering Service	820	7629
MASTERMIND R AND T	3100	7630
MAV Youth Empowerment Programme	53877.31	7631
MAXON COMPUTR/INET	600	7632
MAYFAIR COURT	590	7633
MAZE LETTINGS	1076.90	7634
MBL Seminars	12540	7635
MBLA Ltd	48750	7636
MCAD Enterprise Ltd	15926.25	7637
MCC - MDDA - Imprest Account	7715	7638
MCC Bus Lanes	48496.56	7639
MCC Business Rates (int)	23069.18	7640
MCC CFS AMS HEADER	1680	7641
MCC Council Tax (int)	19795.38	7642
MCC INA Team FAD 023422	2000	7643
MCC Lord Mayor's Office	500	7644
MCC Lord Mayor's Office FAD 009422	2000	7645
MCC People Kitchen	3000	7646
MCC Peoples Kitchen	2215	7647
MCCR	209026.43	7648
MCD Manchester Ltd	3151.29	7649
MCD manchester Ltd	1250	7650
MCE Corporate Gifts	35312.35	7651
MCKINSEY & CO INC [GROUPED]	188000	7652
MCPC Systems UK Ltd	44385	7653
MCR 3 Ltd [GROUPED]	25500	7654
MCR Blackcab Ltd	2092625.74	7655
MCR PROPERTIES	2400	7656
MCR Properties	1200	7657
MCUK (Muslim Communities UK)	1740.68	7658
MDM Resourcing	5616.27	7659
MDP Supplies	1626.21	7660
MEDISAVE	894	7661
MEMS Power Generation Ltd	1490	7662
MEN Media Ltd	1468823.82	7663
MERCURE MANCHESTER	569	7664
MEWA LLP	1475	7665
MF-EP Ltd [GROUPED]	921.70	7666
MGA Safety Ltd	4450	7667
MGB Plastics Ltd [GROUPED]	3151713.20	7668
MGI London	4120.67	7669
MGL Floor Coverings Ltd	899	7670
MHA MacIntyre Hudson	3750	7671
MHR International UK Ltd	8100	7672
MI-IDEA	1020	7673
MIAD News	1035.30	7674
MICHAEL JEFFRIES LTD	4500	7675
MICHAEL LEWIN SOLICITORS	10000	7676
MICROFILM SHOP	21125	7677
MIDAS	4766.67	7678
MIDAS - Manchester Investment &	89597.66	7679
MIDLAND FORK LIFTS	1140	7680
MILBURNS RESTAURANTS A	1295.80	7681
MILLS & REEVE	780	7682
MILLS AND REEVE LLP	1406000	7683
MILTON MANCHESTER HOTE	749	7684
MINERVA C+C	622.55	7685
MIR SOLICITORS	210125	7686
MITIE Property Services (UK) Ltd	650284	7687
MITIE SECURITY LTD [GROUPED]	793649.15	7688
MJ Associates	1930.34	7689
MJ Mapp	40284.25	7690
MJ Rental Ltd	1605958.86	7691
MJJ Social Care Consulting Ltd	7940	7692
MJP Photography	1179.75	7693
MJSSE	116810.83	7694
MK Illuminations UK Ltd	2709252.76	7695
ML Estates Sales and Lettings	515	7696
MLE 2016 Ltd	75000	7697
MLP Law LLP	200068.84	7698
MLR Solutions Ltd [GROUPED]	5715	7699
MLS Contracts Ltd [GROUPED]	36837.32	7700
MM Property	2305.16	7701
MM TRAINING & CONSULTANCY	800	7702
MMP North West Ltd [GROUPED]	13430	7703
MONTAUBAN SERVICED ACCOMM	1203.60	7704
MOUNT GUEST HOUSE	17735	7705
MP Giants Netball Club	2000	7706
MP Ltd	2000	7707
MPACT-THALES (MPT)	2600	7708
MPD Hook & Loop	522.24	7709
MPD Hook & Loop Ltd	670.40	7710
MPLG Ltd	544.35	7711
MPS Global Trading	3748	7712
MQT (Trading as Urbis)	550586.50	7713
MR Blackcab	45731.14	7714
MRH Solicitors	22250.65	7715
MRL Healthcare	75272.80	7716
MRM Street Furniture Ltd	192304.80	7717
MSH Home Appliances	3839.64	7718
MSS Security	2641	7719
MSTRMND	1000	7720
MT Kaill (Plant Hire) Ltd	3514.65	7721
MTEC Warehousing	16240	7722
MTEC Warehousing Ltd	7120	7723
MTFC Innovation LLP	34880	7724
MTL	1452.20	7725
MTMS Ltd	600	7726
MTR Solutions Ltd	1000	7727
MTRP Ltd	74502.68	7728
MTV Networks Europe	675000	7729
MUNICIPALITY OF AGUEDA	1745.64	7730
MURRAYS MEDICAL EQUIPM	8985	7731
MV Commercial Ltd [GROUPED]	996.33	7732
MVLA	40582.50	7733
MW Medical Reports Ltd	1650	7734
MW Sigma	606	7735
MW Sigma Ltd	776	7736
MWG Solicitors	10000	7737
MWG Solicitors Ltd	7005	7738
MY Happy Home Growing	900	7739
MYERSON SOLICITORS LLP	4587000	7740
MYHUB INTRANET SOLS	779.60	7741
MYJ Services Ltd	1740	7742
MaD Theatre Company	36555	7743
Mabel Norry Benevolent Fund	1045	7744
Mac Properties	1000	7745
MacNaughton Lord Representation	2300	7746
Macarthur Properties	640	7747
Macclesfield College	4450	7748
Macclesfield Museums Trust	4000	7749
Macdonald Hotels(Uk) Ltd	1449.21	7750
Macdonald Manchester Hotel	8200.46	7751
Mace & Jones	1493.50	7752
Mace (Oldham Street) Ltd	1000	7753
Mace Cost Consultancy Ltd	191363.50	7754
Mace Ltd	9301039.72	7755
Macfarlane Group Uk Ltd	1285.04	7756
Machine Mart Ltd	6732.68	7757
Machins Solicitors LLP	10016.75	7758
Mack 4	8680	7759
Mack 4 Ltd [GROUPED]	318926.42	7760
Mack 5	2680	7761
Mack Residential Letting Ltd	4963957.24	7762
Mack Trading (Heaton Park) Ltd	104180	7763
Macks Solicitors	15881	7764
Macmillan Distribution Ltd	5314.83	7765
Maddocks Clarke Solicitors	7500	7766
Made In Manchester Ltd	27578.54	7767
Made Media Ltd	1850	7768
Made.com Design Ltd	5930	7769
Madeleine Lindley Ltd	25935.91	7770
Madhouse Associates Ltd	10838.25	7771
Madina Properties	1000	7772
Madina Property Services	2000	7773
Madina Property Services Ltd	2000	7774
Maganty Health Services Ltd	11060	7775
Magdalene Ltd [GROUPED]	154553	7776
Magique Galiloe Software Ltd	27694.50	7777
Magna Large Print Books	26072.12	7778
Magnet Solutions	25521.05	7779
Magnetic North Interactive Ltd [GROUPED]	315881.32	7780
Magnum Photos	655	7781
Magnum Photos Ltd	1540	7782
Mahabat	1000	7783
Mahood Bros Ltd	4255.40	7784
Mahood Marquees Ltd	146460.64	7785
Maidstone Solicitors	3438.02	7786
Mail Solutions	305038.70	7787
MailBox Drop Door Distribution	1821.60	7788
Mailbox Mouldings International Ltd	10266.36	7789
Main & Main Estate Agent	1200	7790
Main Event Products Ltd [GROUPED]	10394.93	7791
Mainlight	1172.72	7792
Maitland Chambers	6000	7793
Majestic Wine Warehouse	7840	7794
Major Singh Solicitors	81452.37	7795
Make a Difference	1000	7796
Makers	13825.40	7797
Making Space	769223.90	7798
Mako	32759.34	7799
Malaysian School Of Manchester	1412.62	7800
Malcolm Hughes Land Surveyors Ltd	2425	7801
Malcom Hughes Land Surveyors Ltd	7015	7802
Malibu Corporation	4765	7803
Mallons Minibus Travel	58690.50	7804
Mallons Minibuses	15674.28	7805
Malmo Stad (City Council)	520.35	7806
Maltaward (Barriers) Ltd	881.28	7807
Maltaward Barriers Ltd	9187	7808
Man City Centre Street Pastors	2000	7809
Man and Machine Ltd	3945	7810
Man. Citizens Advice Bureaux	8678143.71	7811
Management 2000	1400	7812
Manasamitra Ltd [GROUPED]	4300	7813
Manc Sudanese Tree Development Comm	4250.37	7814
Manchestarz	8786.70	7815
Manchester & Cheshire Construction	2788851.20	7816
Manchester & Dist. (See 30030701)	2767.45	7817
Manchester & District Housing Ass'T	5000	7818
Manchester & District Housing Assoc	167146.92	7819
Manchester A Certain Future CIC	1800	7820
Manchester Abode Ltd	544.74	7821
Manchester Academy	7000	7822
Manchester Action On Street Health	2110223.13	7823
Manchester Active	4820570.75	7824
Manchester Airport Finance Holdings	230701612.93	7825
Manchester Airport Holdings Ltd [GROUPED]	1870000	7826
Manchester Airport Plc	207381.63	7827
Manchester Alliance For	6381993.92	7828
Manchester Amatuer Sunday Football	600	7829
Manchester Animation Festival Ltd	3000	7830
Manchester Art Gallery	16641.98	7831
Manchester Art Gallery Trust	30614.95	7832
Manchester Asian Care	2862.80	7833
Manchester Asian care Ltd (MAC)	70107.56	7834
Manchester Athletics Development Gr	193255.03	7835
Manchester Audi	1369.13	7836
Manchester BME Network	47760	7837
Manchester BMX	1000	7838
Manchester BMX Club	17000	7839
Manchester Bangladeshi Wms Org	2100	7840
Manchester Bangladeshi Womens Organ	697701.14	7841
Manchester Baseball Club	2250	7842
Manchester Basketball Development G	8750	7843
Manchester Bees Dodgeball	823	7844
Manchester Bees Dodgeball Club	3926	7845
Manchester Bike Hire	31250	7846
Manchester Black Health Forum	137386.03	7847
Manchester Books Ltd	1568.40	7848
Manchester Breakdown Services Ltd	115200	7849
Manchester Business School	3900	7850
Manchester Bust Tours Ltd	581.75	7851
Manchester CBT	3625	7852
Manchester CC FC	1545.72	7853
Manchester Cabins Ltd	2550	7854
Manchester Camerata	658764.90	7855
Manchester Care & Repair Ltd	8551550.90	7856
Manchester Carers Centre	1370977.98	7857
Manchester Carers Forum	1501729.41	7858
Manchester Cares	2800	7859
Manchester Cars	339893.64	7860
Manchester Cathedral	75960.37	7861
Manchester Cathedral Dev Trust	6074.77	7862
Manchester Cathedral Hire Ltd	66088	7863
Manchester Cathedral Ventures Ltd	5485	7864
Manchester Cathedral Visitor Centre	25523.25	7865
Manchester Central	2986678.42	7866
Manchester Central Fire Station	30155.44	7867
Manchester Central Food Bank	9592	7868
Manchester Central Library Developm	9681.39	7869
Manchester Ceramic Enterprise	74243.59	7870
Manchester China Town	4410	7871
Manchester Chinese Centre	11825.93	7872
Manchester Chinese Christian Church	1979.99	7873
Manchester Citizen's Advice Bureaux	37568	7874
Manchester Citizens Advice Bureau	5422.39	7875
Manchester City Art Galleries Dev.T	32127	7876
Manchester City Football Club	660	7877
Manchester City Football Club Plc	4259632.48	7878
Manchester City Galleries	25332	7879
Manchester City Galleries Dev Co	48834.98	7880
Manchester City Of Sanctuary	1220	7881
Manchester City Sanctuary	500	7882
Manchester City of Literature	50000	7883
Manchester Climate Change Agency	57409	7884
Manchester Climbing Centre Ltd	24165.21	7885
Manchester College	10553030.12	7886
Manchester Communication Academy	639173.39	7887
Manchester Community Giants CIC	91850	7888
Manchester Community Transport	142586.11	7889
Manchester Conference Centre	5641.26	7890
Manchester Congolese Organisation	694.81	7891
Manchester Congolese Organisation L	2500	7892
Manchester Council For Community	168000	7893
Manchester County FA Ltd	166560	7894
Manchester Craft and Design Ltd	130476.93	7895
Manchester Creative Digital Assets	8576752.36	7896
Manchester Creative Studio	6000	7897
Manchester Creche	126528.64	7898
Manchester Credit Union	290781	7899
Manchester Deaf Centre Ltd	1064811.59	7900
Manchester Diamonds	500	7901
Manchester Digital Laboratory	552723.83	7902
Manchester Digital Ltd	33773	7903
Manchester Diocesan Board Of	2700684.32	7904
Manchester Disabled People'S Access	65294.06	7905
Manchester Dogs Home	324630.93	7906
Manchester Dragon Taekwondo	625	7907
Manchester Dragon Taekwondo Club	1250	7908
Manchester Dragon Taekwondo Group	1045	7909
Manchester Dyslexic Self Help Group	817.15	7910
Manchester Early Learning Centre	1105.50	7911
Manchester Energy Company Ltd [GROUPED]	3979685.03	7912
Manchester Enterprise Academy	13491652	7913
Manchester Estate And Construction	692	7914
Manchester Evening News Direct	1235	7915
Manchester FA Ltd	16820	7916
Manchester Fashion Network Ltd	500	7917
Manchester Federation	288681.38	7918
Manchester Feminist Network	500	7919
Manchester First Consortium	26899.84	7920
Manchester Food & Drink Festival	38750	7921
Manchester Food & Drinks Ltd	1000	7922
Manchester Foster Care Association	539294.83	7923
Manchester Free for Arts Festival	891	7924
Manchester Friends of the Earth	17101.08	7925
Manchester Geomatics Ltd	40808.32	7926
Manchester Girls FC	500	7927
Manchester Governors Association	4020	7928
Manchester Gregorians Football Club	777.77	7929
Manchester Growth Company	452208	7930
Manchester Guanghwa Company	66712.50	7931
Manchester Guided Tours	6260	7932
Manchester Hall Ltd	2500	7933
Manchester Harriers & Athletic Club	707.50	7934
Manchester Hawks Korfball Club	1856	7935
Manchester Hawks Kurfball Club	1856	7936
Manchester Health Academy	7929163.32	7937
Manchester Historic Buildings Trust	49057	7938
Manchester Histories	396409.10	7939
Manchester Hive Network Ltd [GROUPED]	149404	7940
Manchester Homecare Associates Ltd	2722.65	7941
Manchester Hospital School	1557	7942
Manchester Housing Group Ltd	962470.34	7943
Manchester IN-SPA	2500	7944
Manchester Institute of Health &	13400.64	7945
Manchester International Arts	26372	7946
Manchester International Festival	16899830.88	7947
Manchester Irish Festival	612.77	7948
Manchester Jazz Festival	186865.29	7949
Manchester Jewellers Network	51443.92	7950
Manchester Jewish Community Care	12182.28	7951
Manchester Jewish Federation	2873.78	7952
Manchester Jewish Museum	236806.21	7953
Manchester Knanaya	1735	7954
Manchester Knowledge Capital	53328.80	7955
Manchester Korean School	682.81	7956
Manchester Languages	688.80	7957
Manchester Latvian Community	2935.81	7958
Manchester Letting	64804.57	7959
Manchester Lettings Ltd	1100	7960
Manchester Library Theatre	3999.90	7961
Manchester Lions Junior Sports Club	1420	7962
Manchester Lishi Arts	11740	7963
Manchester Literature Festival	160700	7964
Manchester Magistrates Court	18845.70	7965
Manchester Malayalee Cultural As	3002	7966
Manchester Malayalee Cultural Assoc	3000	7967
Manchester Marvels	600	7968
Manchester Medical Services Ltd	19446	7969
Manchester Mencap	127023.75	7970
Manchester Mental Health & Social C	55639156.01	7971
Manchester Mental Health & social	97890	7972
Manchester Methodist Housing	600	7973
Manchester Metronet	115000	7974
Manchester Metropolitan Students Un	8448	7975
Manchester Metropolitan University	2903909	7976
Manchester Mind	1860011.47	7977
Manchester Montserrat Action Group	670.05	7978
Manchester Murder Mysteries	595	7979
Manchester Music Seminars	1000	7980
Manchester Music Service	900	7981
Manchester Muslim Prep School	22532	7982
Manchester Netball Development Grou	17003.38	7983
Manchester New Square Partnership	42866062	7984
Manchester Occupational Therapy Ser	960	7985
Manchester Office Supplies	1079	7986
Manchester Oriental Organisation	7526.58	7987
Manchester People First	1368102.81	7988
Manchester Plumbing	1500	7989
Manchester Port Health Authority	709808.06	7990
Manchester Powerhouse FC	1500	7991
Manchester Press Photography Ltd	1045.70	7992
Manchester Pride Events Ltd [GROUPED]	127609.25	7993
Manchester Pride Ltd	74296.30	7994
Manchester Primary Care Trust	155944	7995
Manchester Printers	828	7996
Manchester Private Paediatrician	810	7997
Manchester Professional	81970.63	7998
Manchester Property Investments	700	7999
Manchester Quays Ltd [GROUPED]	5816203.05	8000
Manchester Rangers CIC	4000	8001
Manchester Rape Crisis Line [GROUPED]	312595	8002
Manchester Refugee Support Network	361440.78	8003
Manchester Road Methodist Church	1720.28	8004
Manchester Road Primary Academy	9262	8005
Manchester Roller Hockey Club	12334.36	8006
Manchester Rugby Union	273392.50	8007
Manchester Safeguarding	1207713.72	8008
Manchester Safety Services Ltd	14201.80	8009
Manchester Samaritans	5891	8010
Manchester School Of Samba	1500	8011
Manchester School Services Ltd [GROUPED]	49432610.14	8012
Manchester School of Samba	690	8013
Manchester School's Alliance	2431.50	8014
Manchester Schools Alliance	16000	8015
Manchester Schools FA	2000	8016
Manchester Science Park Ltd	2341992	8017
Manchester Secondary PRU	71188.57	8018
Manchester Settlement	1512907.08	8019
Manchester Ship Canal Developments	1614	8020
Manchester Show Choir	900	8021
Manchester Sing Out Choir	600	8022
Manchester Solutions	799296.15	8023
Manchester Somali Senior Citizens	35625	8024
Manchester Souvenirs Ltd	768	8025
Manchester Sports & Leisure Trust	25117026.34	8026
Manchester Sports and Leisure Trust	1428	8027
Manchester St Pastors	1000	8028
Manchester Stingers WFC	886	8029
Manchester Street Pastors	7463.79	8030
Manchester String Quartet Ltd	520	8031
Manchester Studio MediaCity UK	3785	8032
Manchester Summer Mega Mela	10923.23	8033
Manchester Sunday Football Assoc	6800	8034
Manchester Swimming Dev Group	10000	8035
Manchester Tenants Ltd [GROUPED]	850	8036
Manchester Tennis Development Group	38021	8037
Manchester Towbar & Trailer Centre	2467.50	8038
Manchester Trades Union Council	1500	8039
Manchester Trafalgar Unit SCC	4936	8040
Manchester Trainings	795	8041
Manchester Trophy Market	4425.15	8042
Manchester Uni NHS FT Charity	234171.66	8043
Manchester United Football Club Pub	11800	8044
Manchester United Foundation	266783.94	8045
Manchester University NHS	7341527.58	8046
Manchester Van Hire Ltd	5145808.01	8047
Manchester Vending Services Ltd	22121.81	8048
Manchester Veterans Breakfast Club	3200	8049
Manchester Vocational Centre	11540	8050
Manchester Volunteer Centre	1000	8051
Manchester Volunteer Ctr	8161.95	8052
Manchester Volunteer Ctr C/C	700	8053
Manchester Waconians Lacrosse Club	4669.74	8054
Manchester Water Polo Development G	2000	8055
Manchester Women's Aid	88106	8056
Manchester Womens Aid	4903500.53	8057
Manchester Working Ltd	134717265.10	8058
Manchester Young Comm. Champions	9540	8059
Manchester Young Lives	4460756.18	8060
Manchester Youth Academy	226120.18	8061
Manchester Youth Volunteering Proje	4879	8062
Manchester Youth Zone	529584.50	8063
Manchester Youth Zone East	1875000	8064
Manchester and Irish Trading Ltd	12487.84	8065
Manchester's Got Talent	1500	8066
Mancunian Steelband	1100	8067
Mancunian Way	28207.60	8068
Mancunians RL	8720.80	8069
Mangar International Ltd	345642.84	8070
Mani Wood Ltd	8000	8071
Manitowoc Foodservice UK Ltd	39945.85	8072
Manke Markets UK Ltd	131429.80	8073
Manley Park Methodist Church	3750	8074
Manley Park Primary School	14078.37	8075
Manley Park Primary School PTA	4710.20	8076
Manners Pimblett Solicitors	15716.50	8077
Mannik Ltd	5200	8078
Manor Academy	255208.76	8079
Manor Drive Residents	1171.92	8080
Manor Home Improvements	7003.28	8081
Manpower UK Ltd	115004.65	8082
Mansell Construction Services Ltd	7066797	8083
Mantank Environmental Services Ltd	4306	8084
Mantax Radio Taxis Ltd	5926337.06	8085
Mantra Learning	640	8086
Manufacturing Institute	607	8087
Many Many Monkeys	14050	8088
Many Many Monkeys Ltd	12000	8089
Manzil Restaurant & Banqueting Hall	1166.66	8090
Maplewood Travel	88550	8091
Maravi Heritage Foundation	6500	8092
Marc Oliver Estates	3232	8093
Marcia Mediation Ltd	1450	8094
Marcus Moore Catering Ltd	570	8095
Mardon Recycling Machinery Ltd	2950	8096
Margaret Papworth Ltd	23625	8097
Mariana House	31923.47	8098
Marimekko	3533.59	8099
Marimekko Corporation	1017.80	8100
Marion Scott Playgroup	2651	8101
Mark Concannon	9340	8102
Mark Doel Independent Training	500	8103
Mark Finn Lab Installation Speciali	503.80	8104
Mark Goodwin & Co	5486	8105
Mark Jones & Partners	7374	8106
Mark Reynolds Solicitors	34800.63	8107
Mark Studio Ltd	8250	8108
Market Edge Ltd	35640	8109
MarketChecker	20781.40	8110
MarketChecking Ltd	8090.52	8111
Marketing Manchester	16863731.28	8112
Marketserv Ltd	11387.80	8113
Marks & Clerk LLP	16007.48	8114
Marks & Spencer	6569.50	8115
Marlborough Road Academy	68630.59	8116
Marley Mancunia Studios	500	8117
Marple Hall School	26386.25	8118
Marpol Security Ltd [GROUPED]	875	8119
Marquesa Search Systems Ltd	7200	8120
Marrick Priory Trust	1338	8121
Mars Pension Trustees Ltd [GROUPED]	1536281.54	8122
Marsden Metal Products Ltd	5527	8123
Marsden Rahsthorn Solicitors Ltd	1059.05	8124
Marsden Rawthorn LLP Solicitors	500	8125
Marsden Weighing Machine Group Ltd	4481	8126
Marsdens Solicitors	8726	8127
Marsh Bolton Ltd [GROUPED]	2171.92	8128
Marsh Bolton Ltd t/a Cohens Chemist	30000	8129
Marshalls Charity	67000	8130
Marshalls Mono Ltd	3645220.01	8131
Marston Book Services Ltd	22087.98	8132
Marston Group Ltd [GROUPED]	9384533.87	8133
Marten Walsh Cherer Ltd	4001.20	8134
Martenscroft Early Excellence Centr	277305.04	8135
Martenscroft Nursery School	20173.64	8136
Martha Schwartz Partners Ltd	7500	8137
Marthall Tree Products Ltd [GROUPED]	1500	8138
Martin & CO Estate Agents	1500	8139
Martin & Co	2200	8140
Martin & Co Solicitors	30000	8141
Martin Austen Publishing Ltd	2824	8142
Martin Crookston Ltd	4595	8143
Martin Hambleton Photography	500	8144
Martin Lavell Ltd [GROUPED]	73817.14	8145
Martin Lawton	20350	8146
Martin Lawton Ltd	9625	8147
Martin McColl T/A Martins	795.91	8148
Martin Parr & Co Ltd	43689.45	8149
Martin Robert Hall Ltd	750	8150
Martin and Co	2150	8151
Martin-Lavell Ltd [GROUPED]	52119.53	8152
Martins	500	8153
Martinspeed Ltd	220456.42	8154
Mary Hare School	601804.74	8155
Maryland Securities Ltd	233420.70	8156
Mashriq Britannia Ltd [GROUPED]	600	8157
Mason & Co Solicitors	55175.84	8158
Massey & Harris (Engrg) Ltd	811867.77	8159
Mast LIFT Company Ltd	203698.21	8160
Mastacab LLP	26703.10	8161
Master A's School Of Thai Boxing	500	8162
Master Chu's Lion Dance Club	560	8163
Master Chu's Lion&Dragon Dance Club	500	8164
Master Moves Ltd	154273.30	8165
Master Personal Trainer Award	995	8166
Matco Direct Ltd	587.98	8167
Mather & Co Ltd [GROUPED]	930195.33	8168
Mather & Ellis Ltd	153536	8169
Maths Watch Ltd [GROUPED]	3963	8170
MathsWatch Ltd	500	8171
Matrix Archaeology	3220	8172
Matrix Chambers	32218.66	8173
Matrix Solicitors	1700	8174
Matrix Training Associates Ltd	1170	8175
Matthews & Goodman	605960.87	8176
Mattlee	1200	8177
Maudesport Ltd [GROUPED]	14941.39	8178
Mauldeth Road Primary School	1683.65	8179
Maureen Jackson	538.16	8180
Maureen Noble Ind Consultant	56875	8181
Maureen Patterson & Co	27348.10	8182
Mavis Mccue Sign Language Interpreting Service Ltd	1600	8183
Max Turton Education	63835	8184
Max engel & Co LLP	184000	8185
Maxwell Gillott Solicitors	130000	8186
Maxwell Hodge Solicitors	3230.55	8187
May Grove Community Group	1000	8188
May Gurney Ltd [GROUPED]	62024.31	8189
Maya Medics	2025	8190
Maya Proprty Group Ltd [GROUPED]	895176.59	8191
Mayakonda Properties	3720	8192
Mayakonda Properties Ltd	4710	8193
Mayfair Developments & Properties L	968.52	8194
Mayfair Management (UK) Ltd	1921.13	8195
Mayfeild Development Partnership LP	18683.56	8196
Mayfield Floors	2177.82	8197
Mayne Coaches Ltd	500	8198
Mayors for Peace 2020 Vision Cmpgn	908.09	8199
Maysand Ltd	1127.90	8200
Mazars LLP	363141	8201
McBains Cooper Consulting Ltd [GROUPED]	40964.70	8202
McBains Ltd [GROUPED]	25500	8203
McColl Associates (UK) Ltd	3452.79	8204
McCool Patterson Hemsi Solicitors	28769	8205
McCorquodale (Midlands) Ltd	572.24	8206
McCosker Ltd	143293.87	8207
McGiffen Masonry Ltd	3815	8208
McGowan Transcriptions	1284.20	8209
McGrath Building Contractors	258572.25	8210
McHale & Co	900	8211
McHale & Co Solicitors	89536.81	8212
McHale & Company Solicitors	17106.35	8213
McHale And Co Solicitors	2000	8214
McHale Legal Ltd	17865.50	8215
McHale and Co	1584	8216
McHale and Co Solicitors	9650	8217
McHale and Company Solicitors	17683.28	8218
McKay Solicitors	26000	8219
McKays Solicitors	59000	8220
McKenzie Publishing Ltd	9000	8221
McKenzie Sports Architecture Ltd	540.30	8222
McKinnells Solicitors	12000	8223
McVey & Knowles Properties Ltd	550	8224
Mcconsultants (uk) Ltd	38190	8225
Mcfc Community Scheme	18429.59	8226
Mchale & Co Solicitors	7448	8227
Mchale and Co Solicitors	8409	8228
Mckenna Judson Consulting	118562	8229
Mclaggan Smith Mugs Ltd	5260.20	8230
Mcr Digital Laboratory Community	1630.83	8231
Mcr Environmental Education Network	62410.89	8232
Mcr Gay Village Business Assoc	3868.98	8233
Mcr International Roots Orchestra	800	8234
Mcr Lishi Arts	3778	8235
Mcr Mental Health & Social Care Tru	585870.83	8236
Mcr Metro Univ. Bus. Initiative Off	8945.80	8237
Mcr Music Service(USE 30023202)	900	8238
Mcr School of Samba	550	8239
Mcr Young Community Champions	700	8240
Mcr:Music Ltd [GROUPED]	46665.25	8241
Me Learning Ltd [GROUPED]	358342	8242
Meade Hill School	356349.20	8243
Meade Law Solicitors	5250	8244
Meadowbank Primary School	5298	8245
Meadowbank Primary Schools	3090	8246
Mears Home Improvement Ltd	468423.89	8247
Mears Ltd [GROUPED]	4921145.80	8248
Mecanoo	1715813	8249
Mechline Developments Ltd	1063.47	8250
Mecrow Medical Services Ltd	22788.79	8251
Med-Pts Ambulance Services	820	8252
Medela UK Ltd	181965.43	8253
Medela Uk Ltd	12468	8254
Media Addvantage	750	8255
Media Agency Group	1189	8256
Media Control (Europe) Ltd	18710.03	8257
Media Displays Ltd [GROUPED]	1400	8258
Media Variations Ltd	3440	8259
Media Vest (Manchester) Ltd	1500	8260
Media Vest Ltd	2000	8261
Media West	1000	8262
Media Workshop	700	8263
MediaCo Ltd	1402387.74	8264
MediaCo Outdoor Ltd [GROUPED]	570386	8265
Mediability Ltd	12887.88	8266
Mediatel Ltd	1554	8267
Medic-Bath Co Ltd	3000	8268
Medical Audits Ltd	19980	8269
Medical Expert Witness	900	8270
Medical Expert Witness Alliance LLP	977.50	8271
Medical ExpertWitness Alliance LLP	1065	8272
Medical Records Collation	3525.16	8273
Medicare First	2072748.57	8274
Medilogic UK Ltd	38288.87	8275
Medisave UK Ltd	831.38	8276
Medlock Estates	1701.63	8277
Medlock Estates Letting Ltd	1450	8278
Medlock House Ltd	163800	8279
Medlock Lettings Medlock Estates	1040.32	8280
Medlock Primary School	138743.08	8281
Medlock Residents Association	4409.17	8282
Medlock lettings Medlock Estates	1040.32	8283
Medserv	4643.20	8284
Meeting Makers Ltd [GROUPED]	21038.23	8285
Megan & Co (Civil Engineering) Ltd [GROUPED]	6336	8286
Melland High School	14918.79	8287
Melland High School Academy	14918.79	8288
Mellor Architects	2400	8289
Mellor Hargreaves	44100	8290
Mellor Hargreaves Solicitors	115894.12	8291
Mellors Catering	2233.33	8292
Mellors Catering Services Ltd	2640	8293
Meltwater (UK) Ltd	5050	8294
Melville Exhibition & Event	751	8295
Memery Crystal LLP	13811.12	8296
Memorial Stone Reinstatement Co	1225	8297
Men In Sheds	500	8298
Men's Society Ltd [GROUPED]	504.46	8299
Mencap - Pengwerm College	39369.66	8300
Mend Central Ltd	4250	8301
Mendell Solicitors Ltd [GROUPED]	11725.08	8302
Mendelsons Solicitors	7748	8303
Mens Club	3520	8304
Mental Health Associates Ltd	7887.96	8305
Mental Health First Aid England	2299	8306
Mental Health Matters	529.33	8307
Mercato Solutions Ltd [GROUPED]	60000	8308
Mercedes Benz	3506.64	8309
Mercedes Van World	600	8310
Merchall Blackburn Solicitors	569.12	8311
Merchandise Mania Ltd	336818.48	8312
Merchant Rentals	79394.25	8313
Merci Ltd	190393.50	8314
Mercury AV Ltd	41879.43	8315
Mercury Power	640	8316
Mercury Visual Products	530.20	8317
Meredith Consulting Ltd	3602	8318
Mereside Primary School	6573.34	8319
Meridian Education	365395	8320
Meridian Law Ltd	69171.38	8321
Meridian Recovery Audit	78458.09	8322
Meristern Design	2500	8323
Meritec Ltd [GROUPED]	2695	8324
Merrill Legal Solutions	2403.36	8325
Mersey Grid Ltd [GROUPED]	106721.06	8326
Mersey Valley Care Ltd	7061.88	8327
Merseybank Residents Group	1000	8328
Merseybank United Jnr Football Club	1200	8329
Merseybank United Jun Football	5776.24	8330
Merseybank United Junior Football	2282.29	8331
Merseyside Fire and Rescue	1492.60	8332
Merseyside Probation Trust	39548.83	8333
Messrs Jordans	2973.61	8334
Met Engineering Ltd	1840	8335
Met Office	38842.16	8336
MetDesk Ltd	10344	8337
MetaCompliance	67166.66	8338
Metadata Ltd	4800	8339
Metamorph Law Ltd	38702.02	8340
Metaphor	8000	8341
Metcalfe Johnston McCormick	1000	8342
Metcalfes Solicitors	19748.05	8343
Methodist Homes	2048	8344
Methodist International House	908	8345
Metis Real Estate	10000	8346
Metro Dynamics Ltd [GROUPED]	115642.04	8347
Metro Physio	510	8348
Metro Rod Ltd	5180	8349
Metro Taxis	82715.35	8350
Metronet UK	1534275.90	8351
Metropolis	2704	8352
Metropolis Business Publishing	5002	8353
Metropolitan Borough Of Rochdale	1015.33	8354
Metropolitan Properties Co Ltd	193405.33	8355
Metropolitan Resource North West	70547.18	8356
Mettler-Toledo Ltd	6111.82	8357
Meyvaert Uk Ltd	16450	8358
Mia Pearlman Studio Inc	3120.45	8359
Michael Alexander & Co.Solicitors	27989.50	8360
Michael Baker Solicitors Ltd	25423.33	8361
Michael Dyson Associates Ltd	29108.90	8362
Michael Hadi Associates Ltd	5500	8363
Michael JE Jones & Co	1812	8364
Michael Jefferies LLP	6000	8365
Michael Jefferies Ltd [GROUPED]	6389	8366
Michael Jefferies Solicitors	6989.32	8367
Michael Jeffries Ltd [GROUPED]	5562	8368
Michael Jeffries Solicitors Ltd	5113.50	8369
Michael Kennedy Funeral Service	169551.52	8370
Michael Lewin Solicitors	42875	8371
Michael Lewin Solicitors Ltd [GROUPED]	16500	8372
Michael Linnell t/a Linnell Comm	1500	8373
Michael Linnell t/a Linnell Comms	500	8374
Michael Mendelstam Ltd	900	8375
Michael Page International	2131609.28	8376
Michael Taylor & Co Solicitors	114988	8377
Michael W Halsall Solicitor	6264.36	8378
Michael W Halsall Solicitors	19648	8379
Michael W Halsall Solicitors Ltd	10333.90	8380
Michael W Hashall Solicitors	4646.84	8381
Michael W.Halsall Solicitors Ltd	8661.30	8382
Michaels Civic Robes	2420	8383
Michelle Hoye Birchall Blackburn So	2200	8384
Michelle S A Roberts	578.72	8385
Michelmores Solicitors	430353.85	8386
Micro Direct	1831.13	8387
Microcare Telecommunications	5534.50	8388
Micrographic Engineering Services	7041	8389
Microlink PC (UK) Ltd	940.21	8390
Micronet Consultants Ltd	4050	8391
Microsoft Ltd	1613931.97	8392
Mid Cheshire Hospitals NHS FT	7056	8393
Mida Sign Services UK Ltd	1224	8394
Middleton Blinds Ltd	912	8395
Middleton Cars Ltd	287269.05	8396
Middleton Funeralcare	60538.50	8397
Middleton Psychology Ltd [GROUPED]	11883.69	8398
Middleton Psycology Ltd [GROUPED]	15938.90	8399
Midland News Association Ltd	3721.95	8400
Midland Property Lawyers	115736.09	8401
Midlands Partnership NHS FT	529	8402
Midway Boats Ltd	2715.53	8403
Miele Company Ltd	1199	8404
Mighty Giant Ltd	13275	8405
Migrant Womens Action	7742.12	8406
Mike Ayres Design Ltd	50131	8407
Mike Cunningham Architects Ltd	2450	8408
Mike Davies Transport	59828	8409
Mike Farrar Consulting Ltd	28564.88	8410
Mike Glazebrook Training	2700	8411
Mike Stoane Lighting Ltd	605283.50	8412
Mikesplace	1360	8413
Milburns	29699.85	8414
Miles Macadam Ltd	73081.48	8415
Miles Newsagents	10383.04	8416
Miles Platting Residents Assoc	2000	8417
Milestone	4400	8418
Mill Court Residents Group	3359.98	8419
Mill Farm Riding School	1800	8420
Millenium Quarter Trust Admin Acct	302641	8421
Millennium Private Hire	5250	8422
Millennium Supplies Ltd	874.72	8423
Millennium Translation Ltd	1436	8424
Millennium Translations Ltd	20403.60	8425
Miller Homes	848334.60	8426
Miller Insurance Service LLP	12833.37	8427
Miller Oils Ltd	80433.24	8428
Millerbrook Homes Ltd [GROUPED]	1904	8429
Millerbrook Properties	952	8430
Millercare Ltd	2999	8431
Millhouse Developments Ltd	2250	8432
Millmoll Ltd	662.71	8433
Millom Folk Museum	2366	8434
Millveiw Developments Ltd	32000	8435
Millview Developments Ltd	35530	8436
Milnerbuild Ltd	5680	8437
Milnrow Genesis Day Care	6322.59	8438
Milton Keynes Council	5400	8439
Mimosa Recovery Ltd	2025304.38	8440
Mind of My Own Ltd [GROUPED]	59195	8441
Mind'S Eye	2344.61	8442
Mindstretchers	3976	8443
Mindtree Ltd	20825	8444
Minehead Centre User Committee	8952	8445
Miners Community Arts & Music	17325.92	8446
Minerva Heritage Ltd	11397.50	8447
Ministry of Defence	895.10	8448
Mintel Ltd	128424	8449
Mirfield Community Garden	994.05	8450
Mirfield Rd Community Garden	4385	8451
Mirfield Road Community Garden	2708	8452
Mirfield Road Community Gardens	8760.80	8453
Mirrorworld Ltd [GROUPED]	548	8454
Misco Computer Supplies Ltd	15344.79	8455
Miso Music Ltd	1600	8456
Missing People	500	8457
Missing People Charity	712.80	8458
Mission Room Ltd	1200	8459
Mitchell Design Associates Ltd	10000	8460
Mitel Networks Ltd	600	8461
Mitie Cleaning & Environmental	988399.21	8462
Mitie Cleaning (North) Ltd	10542.22	8463
Mixtape pictures Ltd [GROUPED]	3750	8464
Ml & Cl Peers	560	8465
Mobedia Ltd [GROUPED]	40500	8466
Mobile Variable Message Signs Ltd	1940	8467
Mobile and Marine Power	1100	8468
MobileWorks Ltd	11550	8469
Modapt	6306	8470
Modern Caterer	8931.51	8471
Modern Designers	310436.72	8472
Modern Designers Ltd [GROUPED]	1680	8473
Modern English Digital Ltd	2000	8474
Modern Mindset Ltd	59350	8475
Modes Users Association	1525	8476
Moira Murray Consultancy Ltd	4625	8477
Momart Ltd [GROUPED]	407252.35	8478
Monarch Solicitors	600	8479
Monday Morning Drop In	1440	8480
Monks Training Services Ltd	13085	8481
Mono Alarms Installations Ltd	24496	8482
Monowa Operable Wall Systems Ltd	1190	8483
Monsall Community Forum	11787.94	8484
Monster Play	4100	8485
Montfort Consultants Ltd	6250	8486
Montgomery Manchester Ltd [GROUPED]	700	8487
Montrose Living Ltd	696	8488
Montrose Properties Ltd	855	8489
Moodswings Network	231627.46	8490
Moon Builders	9600	8491
Mooney Everett Solicitors	16260	8492
Moonscape Media Ltd	44626.63	8493
Moore Answers Ltd	2100	8494
Moore Associates	4883.37	8495
Moore Care Ltd	201875.05	8496
Moore Large & Co.Ltd	422283.02	8497
Moorfield Learning Centre	8369	8498
Moorfield Primary School	30000	8499
Moorings Mediquip	509	8500
Moorside Primary Academy	3256	8501
Moorside Services	4631.11	8502
Morelife (UK) Ltd	248655	8503
Morelock Signs Ltd	37589.41	8504
Morethanhotels Trading Ltd	5357.92	8505
Morgan Carter Solicitors	3750	8506
Morgan Finch & Partners Ltd	7425	8507
Morgan Finch and Partners Ltd	2600	8508
Morgan Hunt Public Sector Ltd	1125561.30	8509
Morgan North Ltd	500	8510
Morgan Property Solutions	13740.96	8511
Morgan Sindall  PLC	2686928.28	8512
Morgan Training Services	900	8513
Morgenrot - Chevaliers	2841.78	8514
Morgenrot Chevaliers PLC	2519.17	8515
Morgenrot Chevaliers Plc	709	8516
Morgenrot Group PLC	1620	8517
Morley's Of Bicester Ltd	996.40	8518
Morplan Ltd	4284.30	8519
Morris & Alexander Ltd	158911.06	8520
Morris Hargreaves McIntyre	189232.25	8521
Morris Property Management	1000	8522
Morris Visitor Publications	1800	8523
Morrish Solicitors	60852.17	8524
Morrish Solicitors LLP	12845.74	8525
Morrish Solictors LLP	11736.01	8526
Morrison Facilities Services Ltd	7731479.92	8527
Morrison Highway Maintenance Limite	105012.39	8528
Morrison Merlin Ltd [GROUPED]	69930.63	8529
Morse Watchmans UK Ltd [GROUPED]	12172.90	8530
Morson International	241898.24	8531
Morton Fraser Lawyers	600	8532
Morton Michel Insurance Services	781.76	8533
Mortons Print Ltd	32929.45	8534
Moseley Court Social Club	3494.82	8535
Moss Bros Group Plc	1453.90	8536
Moss Care St Vincent Housing Assoc	1168.80	8537
Moss Side & Hulme Community Dev. Tr	773	8538
Moss Side & Hulme Roller Sports	4820	8539
Moss Side & Hulme Rollersports Club	3000	8540
Moss Side (Alexandra Park) Nursery	2118.89	8541
Moss Side Boxing Club	1000	8542
Moss Side Community Allotment Group	5446.23	8543
Moss Side Fire Station Boxing Club	3337	8544
Moss Side Millennium Powerhouse Ltd	1797706.71	8545
Moss Side Nursery	6819.75	8546
Moss Side Residents Association	6107.75	8547
Moss Side Squash Club	3550	8548
Moss Side and Hulme FC	849.95	8549
Moss Side and Hulme Rollersports	1484	8550
Mosscare Housing	7000	8551
Mosscare Housing Ltd	5624660.04	8552
Mosscare St Vincent's Housing	2654088.33	8553
Moston & District Sports & Youth Cl	13115.47	8554
Moston & District Y & S Club	2000	8555
Moston Brook F.C [GROUPED]	1539	8556
Moston Brook Friends Group	13118.62	8557
Moston Brook JFC	6708.03	8558
Moston Fields Primary School	61748.75	8559
Moston Health Forum	1825	8560
Moston Janitorial Supplies Ltd	21593.19	8561
Moston Lane Appliances	2229.99	8562
Moston Lane Primary School	14723.26	8563
Moston Lane Youth Project	926.50	8564
Moston Meadows Residents Assoc	54471.92	8565
Moston Methodist Church	546	8566
Moston Methodist Church Playgroup	41267.50	8567
Moston Valley Football Club	5077.20	8568
Moston Valley Res Association	560	8569
Moston Washer Rental Ltd [GROUPED]	5324.74	8570
Mostonian 2000 Coaches	3180	8571
Mother Hen	1950	8572
Mothers Against Violence (M.A.V.)	4160	8573
Motion Picture Licensing Company	5934.49	8574
Motiv CIC	20000	8575
Motiv Productions	3060	8576
Motiv Productions Ltd	1710	8577
Motor Accident Protection	8940.61	8578
Motorpoint	3000	8579
Mott MacDonald Ltd	55110	8580
Mott Macdonald Uk Ltd [GROUPED]	1326549.07	8581
Mouchel Ltd [GROUPED]	1448591.98	8582
Mouchel Management Consulting	2990	8583
Mount Carmel Rc Primary School	2000	8584
Mountain Experience	1362	8585
Mounteney	507385	8586
Mounteney Solicitors	6000	8587
Mountway Ltd	159680.54	8588
Mourant Ozannes	28581	8589
Move up Letting Ltd	566.13	8590
Movement For Change Ltd	3000	8591
Moving Forward Youth Project	1289.50	8592
Moving Memories Ltd	15550	8593
Moving Up	8760	8594
Moving With Care Ltd	1694.32	8595
Moxon Ltd	1056	8596
Moy Williams Photography Ltd	7200	8597
Mpulse Ltd	673837.42	8598
Mr Blackcab	1074176.87	8599
Mrs J Tishbi & Mrs S Shadi	500	8600
Mtec Warehousing Ltd	4880	8601
Mtech Consult Ltd [GROUPED]	3600	8602
Mulbury Homes Ltd	1965256.03	8603
Mulderiggs Solicitors	225000	8604
Mulderrigs Solicitors Ltd	101500	8605
Multevo Ltd	403405.83	8606
Multihog Uk Ltd	25435.04	8607
Mumsnet Ltd [GROUPED]	1197	8608
Municipal Mutual Insurance	7986.96	8609
Municipal Mutual Insurance Ltd	703661.62	8610
Murphy Plumbing and Heating	6000	8611
Murphy Surveys UK Ltd	33320	8612
Murray Building Services Ltd	7492.20	8613
Murray Rix (Northern) Ltd	2000	8614
Musee National du Mali	3154.57	8615
Museo Storico Italiano della Guerra	2395.21	8616
Museum Development Yorkshire	1913.07	8617
Museum Photography North West	2000	8618
Museum of Science & Industry	121006.05	8619
Museum of Transport Manchester	1150	8620
Museums Association	33743.22	8621
Museums and Galleries Ltd	19675.32	8622
Music Mark	6260	8623
Music Stuff	796803.96	8624
Music in Hospitals	4965	8625
Muslim Jewish Forum of Greater	4730	8626
Muslim Youth Foundation	12487.24	8627
Mustafa & Co Property Management	2691.57	8628
Mustafa Solicitors	82362.56	8629
Mustard Market Research Ltd	9987.50	8630
Mustard Tree	500	8631
Mutal Ventures	10261.01	8632
Mutual Gain Ltd	5100	8633
My Happy Place Management	2000	8634
My Happy Place t/a Ziferblat	1476	8635
My Incubator Ventures Ltd [GROUPED]	18500	8636
My Skills Matter	2448	8637
My World Inspired	42586.75	8638
MyComm Technologies Ltd	3867	8639
MyHub Intranet Solutions	2877.93	8640
MyHub Music Trust	16783	8641
MyKnowledgeMap Ltd	10335	8642
MyMaths Ltd	2189	8643
MySupportBroker CIC	73825	8644
Myerscough College	36310	8645
Myersons LLP Solicitors	2165.83	8646
Myhouse	1200	8647
MyriadLinks Care Solutions	705.40	8648
Myskills Ltd	2250	8649
Myworksearch Ltd	3500	8650
THE MAKATON CHARIT	1195	12515
THE MANCHESTER FLORIST	500	12516
THE MIDLAND HOTEL	950	12517
The MANC creative Ltd	1995	13014
The Maddocks Consultancy Ltd	18622.28	13015
The Management Centre	17064.50	13016
The Manchester Circuit Office	750	13017
The Manchester College	7399118.29	13018
The Manchester Law Society	19794	13019
The Manchester Light & Stage	288623.56	13020
The Manchester Men's Room	106850.46	13021
The Manchester Stage Crew	784	13022
The Manufacturing Institute	38207.20	13023
The McAvoy Group Plc Ltd	1207882.99	13024
The Means:	8282.90	13025
The Mechanics Centre Ltd	71700.26	13026
The Mens Room	1585	13027
The Mental Health Training Net Ltd	7500	13028
The Message Trust	2000	13029
The Methodist Church Crumpsall	5500	13030
The Midland Hotel	101672.04	13031
The Millennium Qtr Trust Ltd	10000	13032
The Millennium Quarter Trust Ltd	10000	13033
The Modern Caterer (Manchester) Ltd	20272.19	13034
The Modernist Society CIC	660	13035
The Monastery Manchester Ltd	558879.44	13036
The Monastery Of St.Francis And Gor	19612.46	13037
The Morgage Works (Uk) PLC	74492.61	13038
The Morton Partnership	2800	13039
The Mount Guest House	93140	13040
The Mountain Trike Company Ltd	3995	13041
The Mustard Tree	533338.33	13042
mycommunityuk	1250	14753
