"POLL EVERYWHERE, INC."	782.45	24
"People, Dialogue and Change Ltd"	11450	25
P & D Services	14502.95	9299
P Casey & Co Ltd	849.32	9300
P D Builders	2140	9301
P F Jones (Diesel Services) Ltd	2440	9302
P Fahey & Sons (Uk) Ltd	12390.58	9303
P G L Travel Ltd	627.20	9304
P H Lifting Services Ltd	750	9305
P J Markham Electronics Maintenance	20226	9306
P Livesey Engineering	95717.99	9307
P Mcguinness & Co Ltd	1015511.78	9308
P N Daly	64977.14	9309
P Noone Motors	1000	9310
P RAJPAL Ltd	807	9311
P Rajpal Ltd	795	9312
P S Care	55043.17	9313
P S Recruitment Specialists Ltd	1679232.10	9314
P Spurling Joinery Ltd	93700	9315
P&H Farrell	21943.56	9316
P. Terry Business Solutions	15801.20	9317
P.F. Cusack (Tools Supplies) Ltd	258153.78	9318
P.H.Lifting Services	650	9319
P.H.Marsden Surgery account	8238	9320
P.J.S.Playscheme Lucy Pennington	3450	9321
P.M. Builders	1440	9322
P.P. O'Connor Group Ltd	1631547.40	9323
P.V.Dobson & Sons	3008.04	9324
PA Consulting	32000	9325
PAC	872.40	9326
PAC WRISTBANDS	754.50	9327
PAC WRISTBANDS LTD	550.20	9328
PAC Wristbands	5406	9329
PAC-UK Ltd	111206.14	9330
PAD 4 U	825	9331
PALLETOWER GB LTD	895.03	9332
PAMS Assessments	12438.20	9333
PANDA - Performing Arts Network	152901	9334
PARCA	40413.50	9335
PARCELFORCE WORLDWIDE	705.60	9336
PARK HOTELS MANAGEMENT	5138.83	9337
PARK PLAZA WESTMINSTER BR	1171.90	9338
PARTNERSHIP PROPERTY CONSULTANTS	8197.20	9339
PAT CARPETS	570	9340
PATROL	785205.38	9341
PATTINSON & BREWER	10100	9342
PAYPAL	23380.63	9343
PAYPAL (UK) P CARD ONLY	13491.29	9344
PAYPOINT NETWORK LTD	4201.72	9345
PB & B Consulting Ltd	4500	9346
PC WORLD ONLINE	503.10	9347
PC Werth Ltd	1030	9348
PCM Technology Solutions Ltd	6234.08	9349
PCS*FISHER PRESENTATIO	16050.62	9350
PCS*GREAT BRITISH EXPO	1220	9351
PCS*WEEDING TECHNOLOGI	600	9352
PDC COPYPRINT M'CHESTE	1052.12	9353
PDE Waste Technologies Ltd [GROUPED]	21346.73	9354
PDP	3085	9355
PDP Journals	1845	9356
PDR Advisory Ltd	7500	9357
PDR Travel Ltd	67920	9358
PDSA	525	9359
PEARSON FERRIER RESIDE	904	9360
PEOPLEPLUS GROUP LTD [GROUPED]	22000	9361
PERCY WESTHEAD	20200.19	9362
PERCY WESTHEAD & CO	3000	9363
PERFECT PROPERTY 4 U LTD	4400	9364
PETRA BOASE LTD	660	9365
PFI Sign Solutions	134659.69	9366
PH Lifting Services Ltd	700	9367
PHF Training	3800	9368
PHF Training Ltd	8920	9369
PHIRST t/a Apex Nursing & Care Serv	987.40	9370
PHS Group	355309.36	9371
PHS Laundryserv	8346.02	9372
PHS Records Management	262969.94	9373
PHYSIQUE MANAGEMENT CO	1170.13	9374
PICK MY PAD	1250	9375
PIMORONI LTD	3776.76	9376
PINSENT MASONS	1755445.89	9377
PIXELS (UK) LTD	579.60	9378
PJ Youth Projects	3420	9379
PJ's Youth Project	1741.50	9380
PJA Management Solutions Ltd	51442.60	9381
PJH Solicitors	805.40	9382
PJW Legal	18285	9383
PJW Legal Solicitors	16680	9384
PKF ( UK ) LLP	6000	9385
PKL Group (UK) Ltd [GROUPED]	13050	9386
PLAS PENCELLI OUTDOOR EDUCATION	500	9387
PLASTICS DIRECT LTD	603	9388
PLEYDELL SMITHYMAN LTD	20152.50	9389
PLS	142636	9390
PLS Solicitors	25000	9391
PM LAW SOLICITORS	8215.30	9392
PM Law Solicitors	8000	9393
PM Pyschology	663.09	9394
PMA International Ltd [GROUPED]	6642.70	9395
PMB Fabrications Ltd [GROUPED]	2190	9396
PMC 4 Europe Limited t/a DPI	43920.06	9397
PMC 4 Europe Ltd	18577	9398
PMC Telecom	9856.57	9399
POLYBAGS LTD	1282.02	9400
POLYGON LTD	3578.13	9401
PORTABLE APPLIANCE	531.24	9402
POS Enterprises Ltd	3528	9403
POST OFFICE    TRAV FUNDS	1545.61	9404
POSY Parents of Special Youngsters	15219.28	9405
POW WOW	1800	9406
POWELL & CO PROPERTY (	951.92	9407
POWWOW Pedal Power	2668.27	9408
PP PROFILES LTD	662.45	9409
PP*JNB	3927	9410
PP*MORGANSDIRE	550	9411
PP*NEONWORKSHO	4166.68	9412
PPK Services Ltd	14750	9413
PPL PRS Ltd [GROUPED]	22024.25	9414
PPL Sport and Leisure Ltd	60431	9415
PPMA	3560	9416
PPSS Ltd	13781.88	9417
PR Academy	1595	9418
PR Academy Ltd	5595	9419
PRD Partners Ltd [GROUPED]	11300	9420
PREMIER EXPERIENCE	1631.24	9421
PREMIER INN 44531690	8951.50	9422
PREMIER INN 44536900	576	9423
PREMIER INN 44537145	759	9424
PREMIER INN44010600	575	9425
PREMIER INN44013615	2267.49	9426
PREMIER INN44014930	4000	9427
PREMIER INN44014985	1360.50	9428
PREMIER INN44016155	10351.87	9429
PREMIER INN44016505	696	9430
PREMIER INN44017325	812	9431
PREMIER INN44018375	1407.89	9432
PREMIER INN44020530	4442.50	9433
PREMIER INN44521300	2620	9434
PREMIER INN44521460	500	9435
PREMIER INN44521690	656	9436
PREMIER INN44521695	777	9437
PREMIER INN44531690	650	9438
PREMIER INN44533980	690	9439
PREMIER INN45927025	566	9440
PRESTIGE TRAINING	2880	9441
PRH Cost Management LTD	830	9442
PRH Cost Management Ltd	830	9443
PRICEWATERHOUSE COOPERS LLP [GROUPED]	2742197.46	9444
PRIDES	500	9445
PRIMAS FREEMAN FISHER LTD	1656668.53	9446
PRIMAS LAW	9162.50	9447
PRISTINE MANAGEMENT LT	680	9448
PROFFITTS	750	9449
PROJECTORPOINT.CO [GROUPED]	577.20	9450
PROPERTY PLUS	1747	9451
PRP Architects LLP	653729.50	9452
PRP Architects Ltd	17600	9453
PS Medicolegal Ltd	840	9454
PS&P	25467	9455
PS2 PRINT LTD-DOM-DOM	2052.96	9456
PSC Systems	214508.20	9457
PSG Law Ltd [GROUPED]	10000	9458
PSG Property Management	850	9459
PSGBN Ltd	800	9460
PSL Print Management Ltd	3132	9461
PSO Trading Ltd	3000	9462
PSP Asset Protection Ltd	1005	9463
PSR Solicitors Ltd	800	9464
PSYCHOLOGY DIRECT	1894.60	9465
PTRC Education & Research Services	4878	9466
PTS Resourcing LLP	6237.60	9467
PUBLIC FIRST	10000	9468
PULSE	670249.40	9469
PURPLEGRIFFONCOM	1194	9470
PWS Window Cleaning Services	22683	9471
Pabla & Pabla Solicitors	13621.44	9472
Pabla and Pabla Solicitors	4102	9473
Pabla and Pable Solicitors	1000	9474
Pable and Pable Solicitors	5250	9475
Paces Empowerment Strategies	524.89	9476
Pacific Landscapes Ltd [GROUPED]	775	9477
Pact	193935.50	9478
Paddock Community Trust	57548.15	9479
Pain Reports Ltd	962.50	9480
Pains Fireworks Ltd	148950	9481
Paint Me Red	1350	9482
Paint Pots (Manchester) Ltd	8754.71	9483
Paintpots (Sale Road)	39799.31	9484
Pakawaste Ltd [GROUPED]	6271.05	9485
Pakflatt (UK) Ltd	92427	9486
Pakistani Community Association	17477.01	9487
Pakistani Resource Centre	866	9488
Pallas Athena Ltd	3286	9489
Palmer Squared	3200	9490
Paloma Systems Ltd	37824.04	9491
Pan Life Ltd	3416	9492
Pandarama Ltd	11691.05	9493
Panelock Display Systems Ltd	51124.96	9494
Pankhurst Trust	144594	9495
Pannone	251846.55	9496
Pannone & Partners Solicitors	4319346.14	9497
Pannone Corporate LLP	647997.97	9498
Pannone LLP	4499058.36	9499
Panny Hire Ltd [GROUPED]	3004.17	9500
Panoramic Security Solutions Ltd	5747.97	9501
Panztel (Uk) Ltd [GROUPED]	190428.55	9502
Paper Design	667.60	9503
Paragon Floral Design	3333.33	9504
Paragon Group UK PLc	99820.90	9505
Paragon Psychological Services	6867.77	9506
Paralympic World Cup Ltd	751920	9507
Paramount Care Solutions Ltd [GROUPED]	25126.24	9508
Paramount Print Grp In Administrati	18639.43	9509
Parched Tea Bar	520	9510
Parental Engagement Network	1850	9511
Parides Consultancy Ltd	1620	9512
Parish of The Good Shepherd	22445	9513
Paritor Ltd	11652	9514
Parity Professionals Ltd	27390.98	9515
Park Avenue	1327.66	9516
Park Crescent Hotel Ltd	1042268.52	9517
Park House (USE 30014310)	2325	9518
Park House Healthcare Ltd	68588.40	9519
Park Inn Hotel Manchester Hotel	725	9520
Park Leisure Ltd	13187	9521
Park View Communal Garden Group	1000	9522
Park View Community School	3411.04	9523
Parkdale Play & Leisure Ltd	9000	9524
Parkeon Ltd	1800786.75	9525
Parker Harris & Co [GROUPED]	814	9526
Parker Merchanting Ltd	28310.56	9527
Parkers Solicitors	9117.82	9528
Parkhill & Cleveland RA	500	9529
Parking Associates	665	9530
Parking Associates Ltd	690	9531
Parking Matters Ltd	482512.50	9532
Parking Ticketing Ltd	30176.22	9533
Parkinson Bailiff Service Ltd	1914.28	9534
Parkinson Commercial Property	2328	9535
Parklane Plowden Chambers	3150	9536
Parklife Manchester Ltd	50808	9537
Parkmount Community Association	500	9538
Parkmount Residents Association	1400	9539
Parkrun Ltd	5000	9540
Parkway Cabs & Cars	642262.63	9541
Parkway Green Housing Trust	486333.15	9542
Parkway Prestige (ARC) Ltd	1540.22	9543
Parliamentary News Services	2000	9544
Parochial Ch Council St Nicholas	8365.48	9545
Parrimark Technology Pty Ltd	4948.38	9546
Parrs Wood Ave Residents Assoc	10500	9547
Parrs Wood High School	300000	9548
Parrswood Road Group	995	9549
Parrswood Technology College	9933.34	9550
Parsons Brinckerhoff Ltd	76180.12	9551
Parsons Marshall Pyschology	1373.61	9552
Part 8 Consulting Ltd	1484.88	9553
Participation Through Sport	2360	9554
Participation Through Sport PTS CIC	2189.80	9555
Partners Of Prisoners & Families	768812.63	9556
Partners-in-Learning Ltd	3000	9557
Partnership Property Consultants	10767.90	9558
Partridge & Print	8655	9559
Party Plastics	18314.88	9560
Pascal & York Resident's Assoc	1000	9561
Pascal Nichols	8981.33	9562
Pasha Associates Ltd	24000	9563
Pasta King (Uk) Ltd	98749.12	9564
Path Yorkshire	246290.25	9565
Pathway to Prospects Ltd	10599.20	9566
Pathways	1145.20	9567
Pathways Associates CIC	1580	9568
Pathways CIC	2962802	9569
Pathways Consultancy	950	9570
Pathways Consultancy Ltd	3800	9571
Patrick Nee Medico Legal Ltd	1225	9572
Patrol Bus Lanes	666828.45	9573
Patterson Medical	1700	9574
Patterson Medical Ltd	54454.02	9575
Patterson Medical Ltd Days	7612.75	9576
Pattinson & Brewer	5000	9577
Pattinson & Brewer Solicitors	30500	9578
Patton Heritage	1509343.06	9579
Paul Butler Associates	15900.66	9580
Paul Cooper Consultants Ltd	1140	9581
Paul Crowley & Co	3660	9582
Paul Jackson Consultancy Ltd	22725	9583
Paul Lakin Urban Policy Assoc Ltd	9000	9584
Paul Mathew Transport	3180	9585
Paul Rooney Partnership	98498.43	9586
Paul Rooney Solicitors	127016.27	9587
Paul Stone	1155	9588
Paul Walker Photography	1900	9589
Paul Woods Finance Ltd [GROUPED]	2000	9590
Paula Davitt	2050	9591
Paula Vickers Ltd	53775	9592
Pavement Testing Services Ltd	5003.82	9593
Pax Energy	89137.55	9594
Pay360 Ltd (By Capita)	16099.73	9595
PayPoint Network Ltd	3300	9596
Paypoint Co UK	2000	9597
Paypoint Co Uk	608263.01	9598
Paypoint Network Ltd	9260.10	9599
Paypoint network Ltd	4100	9600
Paystream	9500	9601
Pdt Catering	17540.70	9602
Peace Full Media Ltd	1574	9603
Peace Haven Nursing Home	41321.84	9604
PeaceMaker	25000	9605
Peacock Stevens & Co Ltd	2606.40	9606
Peak Medical Practice	880	9607
Pearl Linguistics Ltd	7227.10	9608
Pearl Scan Solutions Ltd	4929.50	9609
Pearson & Ferrier Omar	1700	9610
Pearson Consult Ltd	42903.66	9611
Pearson Education Ltd	54868.68	9612
Pearson Ferrier Middleton Ltd	800	9613
Pearson Hinchliffe Solicitors	132478.57	9614
Pearson Shared Services Ltd	2706.75	9615
Pearsons Solicitors & Financial adv	1500	9616
Peasegoods	1170158.43	9617
Pedal Precision	5000	9618
Peek Traffic Ltd	925566.57	9619
Peeks Of Bournemouth	3502.49	9620
Peel Estate Home Watch Group	3510	9621
Peel Estate Homewatch Group	3586	9622
Peel Hall Moat Watch	35611.03	9623
Peel Hall Moatwatch	1928	9624
Peel Hall School Support Group	1200	9625
Peel Investments (north) Ltd	21920.83	9626
Peel Media Development Ltd	6232818	9627
Peel Media Facilities Ltd	825	9628
Peel Mount Contract Furnishings Ltd	65401.71	9629
Peel Recruitment	12198	9630
Pegasus Planning Group	4000	9631
Pelham Associates	500	9632
Pell Frischmann Consultants Ltd	12919.50	9633
Penarth Group School	232499.84	9634
Pendle View IT Consulting Ltd	34000	9635
Pendlewood Ltd	5400	9636
Pendulum Hotel	1330	9637
Penelope Stanistreet	1750	9638
Penna & Passmore	800	9639
Penna PLC	1653154.82	9640
Pennine Camphill Community	50121.88	9641
Pennine Care HNS Trust	520	9642
Pennine Care In Patient Services	113146.50	9643
Pennine Care NHS Trust	155490.07	9644
Pennine Events Ltd	600	9645
Pennine Kennedy Solicitors	13184.08	9646
Pennine Pet Services	3064.20	9647
Pennine Pump & Tank Co [GROUPED]	35709.27	9648
Pennine Services	72098.46	9649
Pennine Telecom Ltd	41168.33	9650
Penny Anderson Associates Ltd	650	9651
Penrose Film Productions Ltd	550	9652
Pentagon	3192.47	9653
Pentel Contracts Ltd [GROUPED]	1755.10	9654
People Dialogue Change Ltd	900	9655
People First Housing Association	2317574.56	9656
People Source Consulting	763534.83	9657
People To Places	800	9658
People's History Museum	1576660.29	9659
PeopleVox Ltd [GROUPED]	6970	9660
Peoples History Museum	1978232.47	9661
Peoples History Museum(TRADING)	249338	9662
Peoples Voice Media	122630.89	9663
Peoplesafe	1283	9664
Peopletoo Ltd	220627.99	9665
Pepe Heykoop Designs	1460.96	9666
Pepper Stacey Ltd	70600	9667
Per Pro Lidl Uk GMBH	539	9668
Percy Dean Ltd [GROUPED]	17650	9669
Percy Westhead & Co	53338.59	9670
Percy Westhead & Company	389199.92	9671
Percy Westhead Accountants	9156.58	9672
Perfect Property 4 U Ltd	1100	9673
Perfect property 4U ltd	1100	9674
Perfectly Green	1498	9675
Perform Better Ltd	100147	9676
Performace Resolution Ltd	1416.60	9677
Performance Sailcraft Europe Ltd	1378.28	9678
Performers Alliance	2040	9679
Performing Rights Society	135517.34	9680
Permadoor	742744.55	9681
Peron Plastics	7680	9682
Personal Care Consultants Ltd	6221.16	9683
Personal Trainer Academy	500	9684
Personnel Publications Ltd	22121.25	9685
Pertemps People Development	1590	9686
Pertemps People Development Group	4703.84	9687
Pertemps Professional Recruitment L	28567	9688
Peshkar Productions	10725	9689
Pest Bird Control Ltd	11195	9690
Pestproof Ltd	7200	9691
Peter Anthony Estates	2500	9692
Peter Anthony Estates Ltd	586.14	9693
Peter Ashley Ltd [GROUPED]	449148.21	9694
Peter Cunliffe & Co	36092.85	9695
Peter Darby Associates (PDA)	9000	9696
Peter Douglass Platforms	341320.15	9697
Peter Edwards Law Ltd Client Accoun	2727.44	9698
Peter Fletcher Associates Ltd	13500	9699
Peter James Packaging Company	1041.16	9700
Peter Neal Consulting Ltd	20000	9701
Peter Richards Consultant	684	9702
Peter Robinson & Co	176810.71	9703
Peter Robinson & Co (Prop Lawyers)	68100	9704
Peter Savage Ltd	10406.82	9705
Peterborough City Council	4500	9706
Peterchurch Tenants & Residents Grp	3270.61	9707
Peters Bookselling Services	201678.28	9708
Petmedics (CVS) Ltd [GROUPED]	1072.12	9709
Petra Boase Ltd	2012.60	9710
Petty Cash - Bagueley Comm.Centre	860	9711
Petty Cash - Court Y'th Offend. Tm [GROUPED]	2487.53	9712
Petty Cash - Fam. Interv. Tm. Sth	555.24	9713
Petty Cash - S'start Yng People a/c	672.50	9714
Petty Cash - Surestart Partnership	516	9715
Phaidon Press Ltd	15261.30	9716
Phar Partnerships Ltd [GROUPED]	35500	9717
Phaus Ltd [GROUPED]	54975	9718
Phil Hatton Forensic Computing Ltd	1900	9719
Phil Tomlinson Ltd [GROUPED]	1414.20	9720
Phil Tragen Photography Ltd	2240	9721
Philanthropy Company	130166.90	9722
Philip Allotey Social Weaver Ltd	1120	9723
Philip James Partnership lettings &	1344	9724
Philips Park Community Orchard	2000	9725
Phillip James Lettings And Manageme	855	9726
Phillip allotey Social Weaver Ltd	2240	9727
Philpotts Ltd	5275.55	9728
Phoenix Club	500	9729
Phoenix Community & Youth Project	3200	9730
Phoenix Futures	29695.09	9731
Phoenix TARA	5447.20	9732
Phoenix Vehicle Hire Ltd	15276.60	9733
Phonak Group Ltd [GROUPED]	10472	9734
Phonak UK	69615	9735
Phonographic Performance Ltd	19570.06	9736
Photography Hub Ltd	2300	9737
Phs All Clear	5099.56	9738
Phs All Clear Ltd [GROUPED]	1119.64	9739
Physio Sport	10000	9740
Physio-Control UK	650	9741
Physio-Control UK Sales Ltd	3389.18	9742
Piccadilly AV Ltd	93714.38	9743
Piccadilly Live Ltd	251921.49	9744
Piccadilly Management	1500	9745
Piccadilly Partnership (M/cr) Ltd	20000	9746
Piccadilly Property Management Ltd	2300	9747
Piccadilly Village Residents Assoc	3420	9748
Piccadilly Village Residents Associ	3450	9749
Pick My Pad	1071.02	9750
Pickering & Butters Solicitors	4180	9751
Pickering And Butters Solicitors	12500	9752
Pickering Psychology	598.83	9753
Pickering Psychology Services Ltd	38695.70	9754
Pickfords	226732	9755
Pickfords Move Management Ltd	259820.74	9756
Pictor Academy	400794.73	9757
Pictorial Meadows Ltd	13388.11	9758
Picturesforpress	6550	9759
Piece Of Cardboard Productions Ltd	2821.63	9760
Pier Techonology Ltd ( T/A Pier Tra	2000	9761
Pierpoint House	4116	9762
Pierre Angulaire Ltd [GROUPED]	1318901.40	9763
Pigeon Brand Ltd	600	9764
Pike Fold Primary School	9796.76	9765
Piksel Ltd [GROUPED]	61310	9766
Pilat Europe Ltd	42785.48	9767
Pilio Group	2625	9768
Pilio Ltd	1225	9769
Pindar Plc	12445	9770
Pindoria Solicitors	64176.99	9771
Pineapple Contracts	11667.88	9772
Pink Bank Lane Residents Assoc	660	9773
Pink Bank Village Residents	2980	9774
Pinnacle Health Partnership LLP	68285.36	9775
Pinnacle Housing Ltd [GROUPED]	32142.55	9776
Pinnacle Stonemasonry Ltd	780	9777
Pinny Cohen Mapu Properties	1800	9778
Pinny cohen Mapu properties	900	9779
Pinpoint Facilitation Ltd [GROUPED]	2019	9780
Pinsent Mason LLP	4185000	9781
Pinsent Masons LLP	1107866.06	9782
Pioneers Leading The Way	2650	9783
Pipe Tool Specialists Ltd	2173.20	9784
Pipeline Industries Ltd	4500	9785
Piper Hill High School	8505	9786
Piper Hill PTFE	2790	9787
Piper Hill Specialist Support Schoo	85220.02	9788
Pirtek Manchester	4659.34	9789
PitchWorks Ltd	2395.60	9790
Pitmans LLP	5000	9791
Pitney Bowes Ltd - Finance	513	9792
Pitney Bowes Ltd - Postage by Phone	25632.54	9793
Pitney Bowes Ltd - UK Mailing	3128.42	9794
Pivkering Psychology Srecices Ltd	1924.33	9795
Pixel Financial Management	2500	9796
Pixel Ltd	17530.19	9797
Pixels (UK) Ltd	4324	9798
Pizzey Porritt Partnership Ltd	37199.48	9799
Pj'S Playscheme	2093	9800
Place Futures Ltd	3332.55	9801
Place Group Ltd	202000	9802
Place North West	600	9803
Places For People Homes	311581.25	9804
Places for People Homes Ltd [GROUPED]	230043.91	9805
Places for People Living +	191082.25	9806
Plan 8 Town Planning Ltd	5485	9807
Plan:8 Town Planning Ltd	2145	9808
Plane Handling Ltd	2632.24	9809
Planet Code Ltd	12000	9810
Planet Confidential Ltd	4350	9811
Planit	392517.75	9812
Planit UXB Ltd [GROUPED]	995	9813
Planned Maintenance (Pennine) Ltd	35179	9814
Plantagogo	609.95	9815
Plantscape	131999	9816
Plastic Omnium Urban Systems Ltd	572	9817
Plastic data Card Ltd [GROUPED]	577.91	9818
Platform Mcr	27000	9819
Platform Mcr CIC	600	9820
Platt & Worsley Crt Residents Assoc	1770	9821
Platt Claremont Residents	1057.88	9822
Platt Claremont Residents Assoc	12770.19	9823
Platt Fields Market Garden	5000	9824
Platt Halpern	276462.51	9825
Platt Halpern Solicitors	3300	9826
Platt and Fishwick Solicitors	13993.50	9827
Playback Theatre	600	9828
Playdale Playgrounds	12074	9829
Playdale Playgrounds Ltd	2140	9830
Playface Ltd [GROUPED]	13000	9831
Playground Squad UK Ltd	275000	9832
Playgroup People	12148.90	9833
Playsafety Ltd (t/a RoSPA)	51438.25	9834
Playworks Ltd [GROUPED]	1236.31	9835
Pleasant Street Allotments	4858.54	9836
Plescon Security Products	4001.25	9837
Plexus Law	1076.72	9838
Pleydell Smithyman Ltd [GROUPED]	68661.92	9839
Plowden Facilities Ltd	5200	9840
Plowden Solicitors Ltd	810	9841
Pluck Andrew & Co	965.90	9842
Pluck Andrew & Co Solicitors	1750	9843
Pluck Andrew Solicitors	5304.94	9844
Pluck Andrews & Co Solicitors	200000	9845
Plumlife Homes Ltd	700	9846
Plus Dane Housing Group Ltd	5802	9847
Plus Security	1280.25	9848
Pluswork Group	100078.87	9849
Plymouth Grove Primary School	55581.01	9850
Plymouth Hospitals NHS Trust	1345.76	9851
Pmc Electrics Ltd [GROUPED]	7712.32	9852
Pmoonline Ltd [GROUPED]	84239.29	9853
Pocket Park Games	3140	9854
Point Eight Ltd	2637.46	9855
Points 4 Life Ltd [GROUPED]	193422	9856
Polefield Nursing Home	102048.85	9857
Police & Crime Commissioner [GROUPED]	788867.23	9858
Policy Partners Project Ltd	51800	9859
Policy Point Ltd	5000	9860
Policy Points Ltd	1000	9861
Policy Review Projects Ltd	594	9862
Polish R.C Church	1050	9863
Polish Sat Sch in Mcr at St Bede's	808.81	9864
Polite Company	7136.50	9865
Political Skills Forum	3600	9866
Pollock Lifts Ltd	2751826.77	9867
Polstore Ltd [GROUPED]	22868	9868
Polygon Ltd	3772.24	9869
Pomegranate Europe Ltd	1455	9870
Pomergranate Europe Ltd	27793.61	9871
Pomona Phase One Ltd	13013876	9872
Pontville Residential School	63876	9873
Pooch Patrols	533.71	9874
Poole Dick Associates	4523.04	9875
Pop Up Arena Ltd [GROUPED]	13800	9876
Poplar Tenants & Res Assoc	1000	9877
Poppleston Allen Training	8400	9878
Poppy Consultants Ltd [GROUPED]	11596.65	9879
Populous Ltd [GROUPED]	45675	9880
Porky Pig	910	9881
Porkys of Yarm	3936.92	9882
Port Sunlight Village Trust	24666	9883
Portable Conveniences Ltd	19625.28	9884
Portakabin Ltd	277200.18	9885
PortalPlanQuest Ltd	69480	9886
Porto Vivo	9418.71	9887
Positive Behaviour Strategies	600	9888
Positive Behaviour Strategies Ltd	15762.90	9889
Positive Effect	2000	9890
Positive Effects	500	9891
Positive Impact Events Ltd	2600	9892
Positive Outcome Associates Ltd	1388.26	9893
Positive Response Training Ltd	5861.25	9894
Positive Steps Oldham	278242.35	9895
Post Adoption Centre	4058	9896
Post Office (CARD ONLY)	2389.94	9897
Post Office Ltd	24262.80	9898
Poste Italiane	75032.55	9899
Posturite (Uk) Ltd	5200.10	9900
Potensial Ltd (T/A Potens)	2099453.22	9901
Powell Hardware Ltd	15751.90	9902
Powell Mail Order Ltd	3205.14	9903
Power Anaesthetic Consultants	9019.46	9904
Power Care	83717.09	9905
Powergen / E-On Gas Ltd	73061.72	9906
Powerhouse	780	9907
Powerhouse Gym	3600	9908
Powers & Tiltman Ltd	81260	9909
Poynton High School	33468	9910
Pozzoni Architecture Ltd	13227.97	9911
Pozzoni Design Group	10650	9912
Practical Law Company Ltd	39950	9913
Practicus	50930	9914
Pragma Asbestos Ltd	1050	9915
Praledean Ltd T/A Ken Fosters	3326.30	9916
Praxis Care Account	2000	9917
Praxis Care Group	589039.40	9918
Pre Hospital Advanced Care Team	14640	9919
Pre-Hospital Advanced Care Team	14640	9920
Precious Kids Day Nursery	6600.25	9921
Precise Media Monitoring Ltd	86659.80	9922
Precise Pro Audio Hire	2483	9923
Precision Solicitors	2205	9924
Preferred Spaces Ltd	7180	9925
Prefs Ltd	500	9926
Preier Cars	1200	9927
Premaitha Health Ltd	170000	9928
Premex Services Ltd	1345	9929
Premier Care  Ltd	447307.72	9930
Premier Chauffeur Services	12585.50	9931
Premier Claims Services	1026.12	9932
Premier Foster Care Ltd [GROUPED]	896.34	9933
Premier Inn P CARD ONLY	111808	9934
Premier Management Ltd	1000	9935
Premier Paper Group Ltd	484059.27	9936
Premier People Solutions Ltd	6750	9937
Premier Print Management	695.50	9938
Premier Publishing Ltd [GROUPED]	750	9939
Premier Sport Ltd	114757.50	9940
Premier Waste Services (Uk) Ltd	587.60	9941
Premier Watercoolers	1726.92	9942
Premiere Products	21042.70	9943
Prentke Romich International (Pri)	14710	9944
Prepaid Financial Services	10179.09	9945
Preservation Equipment Ltd	26870.31	9946
Press Association Ltd	824.03	9947
Prestbury Care Consultancy	5600	9948
Prestige Sales & Lettings Ltd	750	9949
Prestige Solicitors	3171.10	9950
Prestolee Multi Academy Trust	3215.84	9951
Preston City Council	189154.76	9952
Prestwich Cycle Factors Ltd	3414.52	9953
Pret A Manger	625	9954
Prevent Awareness Community	1105	9955
Preventx Ltd [GROUPED]	30016	9956
Priava Ltd	4607.43	9957
Price Training	47346	9958
Pride Of Manchester	500	9959
Pride Sports	23030	9960
Priestnall Educating For Life	1600	9961
Priestnall School	122339.42	9962
Prima Hire Ltd	9195.49	9963
Primary PE Passport	500	9964
Primary Times In Lancashire	600	9965
Primas Law	90199.27	9966
Prime Care Ambulance Service	242403	9967
Prime Focus Technologies UK Ltd	581	9968
Prime Performers Ltd	3000	9969
Primesight Ltd	143262.42	9970
Principal Agent Management Ltd	5867980.59	9971
Principea Consulting Ltd	1161.31	9972
Print On Solutions Ltd	2082.46	9973
PrintSearch Cheshire Ltd	695	9974
Printaply	513.45	9975
Priority Properties North West Ltd	2907.14	9976
Priority Recruitment Ltd	3000	9977
Priory & Needham Avenue	750	9978
Priory Educational Services Ltd	77253.84	9979
Priory Healthcare	163531	9980
Priory Healthcare Ltd [GROUPED]	219158	9981
Prism Medical UK	1965	9982
Prism Medical UK Carefree Division	719358.87	9983
Prism UK Medical Ltd t/a Carefree	672120.95	9984
Prismo Contracting Services	9939.50	9985
Prismo Road Markings T/A Prismo	8377.50	9986
Private White V.C [GROUPED]	5000	9987
Private White V.C. Ltd	26295	9988
Pro Insurance Solutions Ltd	6060	9989
Pro-Contact	42545.44	9990
Pro-Kill Environmental Services	97712.39	9991
ProAbility Ltd	5010.45	9992
ProQuest	76471.05	9993
Proability Ltd	6050.20	9994
Proactis Ltd [GROUPED]	2200	9995
Proactive Personnel Ltd	1003933.14	9996
Proactive Revenue Services Ltd	13608	9997
Procare Shower & Bathroom Centre Lt	29349.10	9998
Proclean N W Ltd	10210.90	9999
Procter & Procter Media Ltd	6132	10000
Proddow Mackay Solicitors	12306.88	10001
Production Room Ltd	1408.98	10002
Production Stuff Ltd	1400	10003
Professional Conferences	620	10004
Professional Development	966.45	10005
Professional Music Technology Mcr	4767.69	10006
Professional Pest Services	890	10007
Professional Sportssturf Design	1370	10008
Professional Sportsturf (Nw) Ltd	4065	10009
Professional Squash Association	598091.18	10010
Professor D Alderson	880	10011
Professor David Bowen Jones	4000	10012
Proffessor G D Sheffield	1026.50	10013
Proffitts CIC	6062	10014
Proffitts Investing Communities CIC	1225	10015
Proffitts Investing in Communities	1225	10016
Programme Master Ltd	7300	10017
Progress Care & Education Ltd	261171.91	10018
Progress Group	4557	10019
Progressive Care	29122.86	10020
Progressive Recruitment Ltd	92579.38	10021
Progressive Sports	4620	10022
Project 4 Inclusion	19370.19	10023
Project 464 Ltd	3380	10024
Project Five Consulting	675	10025
Project Maya CIC	1744	10026
Project Simply	3000	10027
Projectorpoint	62326.60	10028
Projekts Mcr Ltd	38135.30	10029
Projekts Skate Park	244266.78	10030
Prolegal Ltd	3250	10031
Prolegal Solicitors	17500	10032
Proleisure LLP	33750	10033
Proleisure Ltd [GROUPED]	5500	10034
Proline Joinery Contractors	665	10035
Proludic Ltd	229771.67	10036
Promising Futures Ltd [GROUPED]	54642.87	10037
Promotional Books Ltd	540.15	10038
Promtional Choice Ltd [GROUPED]	1934	10039
Proper Job Theatre company	1113052.06	10040
Property 4UNW	725	10041
Property Debt Collection Ltd	909.24	10042
Property Genius	1750	10043
Property Investment Hub Ltd	828	10044
Property Legal (Manchester) Ltd	41000	10045
Property Solutions GB	650	10046
Property2Go	1000	10047
Proportion London	20274	10048
Proportion London Ltd	9051	10049
Prospect Business Consulting Ltd [GROUPED]	3121.50	10050
Prospect Vale Primary School	1104	10051
Prosper Associates	44296	10052
Prospero Teaching	1491	10053
Protec Fire Detection Plc	14430.86	10054
Protech IT  Hygiene	6426.10	10055
Protect	28307	10056
Protector Holdings Ltd	500	10057
Protek SFE Ltd t/a Shelter Solution	78211	10058
Proteus Equipment Ltd	29962.10	10059
Protocol Education Ltd	259574.97	10060
Proton (Southern) Ltd	188016.28	10061
Proud 2 b Parents CIC	10575	10062
Proventure Consulting	20132.71	10063
Proventure Consulting Ltd [GROUPED]	3346.10	10064
Provision Solutions	7700	10065
Prudence Beaumont	710	10066
Prudential Property Inv Mgers Ltd	759617.19	10067
Pryers Solicitors	14250	10068
Pryers Solicitors LLP	8010	10069
Psychiatric Services - North East L	1992.14	10070
Psychiatric Services North East Ltd	3022.44	10071
Psychiatric Services-North East Ltd	1076	10072
Psychiatric Srevices North East Ltd	1235.40	10073
Psycho Peacock Ltd [GROUPED]	4875.97	10074
Psychological Associates Ltd [GROUPED]	13041.91	10075
Psychology Associates	560	10076
Psychology Associates Limted	2925	10077
Psychology Associates Ltd	1120	10078
Psychology Associates ltd	2669.20	10079
Psychology Direct	2255.23	10080
Psyciatric Services North East Ltd	966.95	10081
Pts Plumbing Trade Supplies	3778479.59	10082
Public Catalogue Foundation	900	10083
Public Consulting Group UK Ltd	184000	10084
Public Health England	214487.25	10085
Public Law Project	525	10086
Public Performance Licence	4597.74	10087
Public Policy Exchange	848	10088
Public Sector Software Ltd	62312	10089
Public Trust Office	533.36	10090
Public-I Ltd	148699.92	10091
Publicservice.co.uk Ltd [GROUPED]	1786	10092
Publicus Ltd	2100	10093
Pugh & Company	5457.75	10094
Pulp Cards Ltd [GROUPED]	795.30	10095
Pulse 24 Ltd [GROUPED]	2490.04	10096
Pulse Property Management	550	10097
Puma Events  & Training	10000	10098
Puma Events & Training	5000	10099
Puma Events and Training	10000	10100
Pump Service & Engineering Ltd	17042	10101
Pumpandgrind	644	10102
Purcell Architecture Ltd [GROUPED]	1217051.57	10103
Purcell Miller Tritton LLP	3565768.98	10104
Pure Dogeball	9014.50	10105
Pure Elegance Carnival	700	10106
Pure Expression Ltd	1000	10107
Pure Hearing Ltd	2539	10108
Pure Innovations Ltd	2150495.20	10109
Pure Insight	600	10110
Pure Wyllie	7806.88	10111
PurePromoter Ltd t/a Pure360	1500	10112
Purple Bricks	990	10113
Purple House Psychology Services	2177.74	10114
Purple Patch Arts	35413.26	10115
Pursuit of Excellence	30084.46	10116
Pursuit of Exellence	5118.95	10117
PushOn limited	20800	10118
Pyramid Connect Ltd	32775.88	10119
Pyramid Power Ltd	11619.04	10120
Pyro Protection Ltd	1075	10121
THE PORTLAND HOTE	3200	12283
THE PORTLAND HOTEL	1800	12284
THE PUBLIC CATALOGUE F	1080	12285
The Pankhurst Centre	288502.49	12820
The Parish Church of Saint Martin	7880.40	12821
The Parking Shop Ltd	3206	12822
The Paula Bolton Collection Ltd	8538.82	12823
The Peace Museum	17100	12824
The Pennine Acute Hospital Nhs Trus	7885750.35	12825
The Pennine Acute Hospitals	225673	12826
The Pennine Acute Hospitals Nhs Tru	7875	12827
The Pensions Trust	1558.90	12828
The Performing Right Society	83085.07	12829
The Personal Injury Practice	64250	12830
The Pertemps Recruitment Partnershi	615.57	12831
The Peter Saville Studio	40000	12832
The Phone Co-Op Internet Services	114300	12833
The Photographers' Gallery Ltd	19970	12834
The Planning Inspectorate	88578.51	12835
The Plastic Art Company	7971.95	12836
The Play Inspection Company	795	12837
The Pocket Student Guide Ltd	598	12838
The Politics Project	1000	12839
The Politics Project CIC	1000	12840
The Poppy Project	781.99	12841
The Portal Partnership Ltd	184980	12842
The Portico Library	1000	12843
The Potent Mix	1225	12844
The Princes Trust	32779	12845
The Princess Trust	46300	12846
The Printroom UK Ltd [GROUPED]	3900	12847
The Proud Trust	170730	12848
The Public Catalogue Foundation	600	12849
powerPerfector Ltd	40175	14471
