I C CONSULTANTS LTD	58950	1057
IACCM EMEA LTD	32000	1058
IBM [GROUPED]	2503635.67	1059
ICM RESEARCH UK	39250	1060
IDC UK	90000	1061
IDENTITY E2E	28800	1062
IDENTITY HOLDINGS LTD	185443	1063
IDEO	59000	1064
IDOX	266156.28	1065
IDOX SOFTWARE LTD	2871841.91	1066
IFF RESEARCH LTD	101162.75	1067
IIZUKA SOFTWARE TECHNOLOGIES	139500	1068
IMPACT MARCOM	132842	1069
IMPROVEMENT & DEVELOPMENT AGENCY	9454201.39	1070
IMPROVEMENT & DEVELOPMENT AGENCY FOR LOCAL GOVERN	39700	1071
IMPROVEMENT & DEVELOPMENT AGENCY FOR LOCAL GOVERNMENT	603450.62	1072
IMRAN KHAN AND PARTNERS	26582.50	1073
IMTECH ICT	42996.50	1074
INCENDIUM CONSULTING LTD	723270.40	1075
INDIGOBLUE CONSULTING LTD	141350	1076
INFERNO LTD	72880	1077
INFOR UNITED KINGDOM LTD	25156.99	1078
INFORMED SOLUTIONS	453836.86	1079
ING LEASE UK LTD	461441.12	1080
ING Lease (UK) Ltd [GROUPED]	135200.88	1081
INLAND REVENUE SHIPLEY PAYE	3450823	1082
INNOVATE UK	980865.15	1083
INNOVATION UNIT LTD	282500	1084
INNOVISION	38358	1085
INSIGHT CONSULTANCY SOLUTIONS LTD	40500	1086
INSIGHT DIRECT LTD	79133.93	1087
INSIGHT DIRECT UK LTD	1172766.26	1088
INSPIRA CUMBRIA LTD	3901160.34	1089
INSPIRATION HEALTHCARE LTD	168000	1090
INSPIRATIONAL DEVELOPMENT GROUP LTD	93800	1091
INSTITUTE FOR EMPLOYMENT STUDIES	39480	1092
INSTITUTE FOR GOVERNMENT	192575.21	1093
INSTITUTE FOR PUBLIC POLICY RESEARCH	27778.11	1094
INSTITUTE OF FUNDRAISING	1733482.66	1095
INTEGRALIS LTD	26862.63	1096
INTEGRITY	89384.08	1097
INTEGRITY RESEARCH & CONSULTANCY	1187233.96	1098
INTELLECTUAL PROPERT	231193.84	1099
INTELLECTUAL PROPERTY	137681	1100
INTELLECTUAL PROPERTY OFFICE	94797	1101
INTELOGY LTD [GROUPED]	31920	1102
INTERLINK VOLUNTARY ACTION	62500	1103
INTERNATIONAL BANK FOR RECONSTRUCTION AND DEVELOPMENT	860091.74	1104
INTERSERVE (FACILTIES MANAGEMENT)	1418782.43	1105
INTERSERVE CATERING SERVICES LTD	41276.78	1106
INTERSERVE FACILITIES MANAGEMENT LTD [GROUPED]	83769228.93	1107
INVAPAY PAYMENT SOL	50000	1108
INVESTIGO	42000	1109
INVESTING FOR GOOD	40000	1110
INVESTMENT PROPERTY DATABANK	479250	1111
INVESTMENT PROPERTY DATABANK LTD	442222.24	1112
INVESTMENT PROPERY DATABANK LTD	285000	1113
INVOLVE	25000	1114
INVOLVE VISUAL COLLABORATION LTD	73796	1115
IPL Information Proc	244125.52	1116
IPL Information Processing Ltd	385661	1117
IPSOS MORI LTD	4128906.20	1118
IPSWICH BOROUGH COUNCIL	219678.75	1119
IRIS INTELLIGENCE LTD	173600	1120
ISBA	72900	1121
ISBA Ltd	27600	1122
ISBA TA THE INCORPORATED SOCIETY OF BRITISH ADVERTISERS LTD	36510	1123
ISG Fit Out Ltd	72259.71	1124
ISLE OF WIGHT COUNCIL	211454.21	1125
ISLE OF WIGHT COUNTY COUNCIL	456687.21	1126
ISS MEDICLEAN LTD	3397134.59	1127
ISS Mediclean Ltd	44367447.86	1128
IT LAB LTD	28750	1129
ITM LTD	86000	1130
ITS ALL ABOUT ME SCHEME LLP	270000	1131
ITV STUDIOS LTD	552309	1132
ITV TEXT SANTA LTD	650000	1133
IXYDO LTD	1262972	1134
Iconics UK Ltd	132680.20	1135
Ingenium IDS SE	27194	1136
Initial Spark Consulting Ltd	319380	1137
Insight Direct Ltd	79061.20	1138
Integralis Ltd	26365.15	1139
Intellectual Property Office	406239.92	1140
Investigo	29330.40	1141
Involved Solutions	739857	1142
Irish Traveller Movement in Britain	139392	1143
THE ID CROWD LTD	53550	2058
THE INSOLVENCY SERVICE	150000000	2059
THE INTERNATIONAL INSTITUTE FOR STRATEGIC STUDIES	35000	2060
