CITY OF LEEDS	3000	1464
CROMER AVENUE PRE-SCHOOL	895019.36	1734
CARPET RIGHT PLC	475.28	1251
CHOPWELL COMMUNITY CENTRE	26668.08	1414
CUMMINGS CONTRACTORS	9530	1773
CRAIGIELEA NURSING HOME	4158435.27	1700
CHROMAZONE	65111.75	1429
CINTRA HR & PAYROLL SERVICES LTD	3467.11	1444
CAPABLE PEOPLE TRAINING AND CONSULTANCY LTD [GROUPED]	1490	1212
CLEAR LAW LLP	37438.93	1493
CODE CREATIVE (NW) LTD	1500	1541
CRECHE MOBILE PROJECT	163057.18	1722
CHEVIOT STOVES	2244.55	1390
CLARKES CHARTERED ACCOUNTANTS	826.38	1483
CYCLING STARTS	8946	1790
CREATIVE GINGER	4322.5	1715
COMPLETE CAMERA PLATFORMS	19460	1587
CITY LEGAL SERVICES	817	1461
CONEX	38840	1607
CHESSIRE - HOPE	32966.02	1386
CAUSEWAY TECHNOLOGIES LTD	12113.24	1290
CHOPWELL TREETOPS NURSERY LTD [GROUPED]	38770.9	1420
COUNTRYSIDE MANAGEMENT SERVICES	590	1679
CORE CATERING MAINTENANCE CONTRACTS LTD	2385	1655
CBS OUTDOOR	154576.18	1295
CAREWELL (HEALTHCARE) LTD	224170.97	1242
CONSULT & DESIGN INTERNATIONAL	9762	1624
CARTER JONAS	6412.5	1262
CARLTON TRAINING LTD	399	1247
CITB	2432.5	1452
CESTRIA PRIMARY SCHOOL	8000	1342
CORGI TECHNICAL SERVICES LTD	2545	1661
CONVERSATION PIECES	3750	1637
CROWN ENERGY	61032.15	1751
COMMUNITY ACTION NORTHUMBERLAND	17997.13	1571
CORNISH KING BULB GROWERS	8722.54	1664
CONNEXIONS TYNE & WEAR	591.88	1614
CODEWORKS	15241.5	1542
CARE-ABILITY	211695.43	1229
CONNECT PHYSICAL HEALTH CENTRES	2700	1611
CHILDREN & FAMILIES ACROSS BORDERS	606.68	1397
CG LTD (PROPERTY)	500	1348
CARERS TRUST TYNE & WEAR CROSSROADS CARER SERVICES	270275.08	1236
THE CHOCOLATE SMITHS	1500	6620
CHILDRENS CHOICE NURSERY	5178.82	1400
CARE & INDEPENDENCE LTD	13411.9	1219
CORNER TO LEARN LTD	974.5	1663
CLECE CARE SERVICES LTD	2541087.17	1496
CDS SECURITY & FIRE SERVICES LTD	14044	1305
CREST	9910	1724
CANCER RESEARCH UK	16800	1202
CHRIST CHURCH COMMUNITY PROJECT	8678	1424
CROWN PAINTS LTD	22204.1	1753
CONTROL TECHNIQUES DRIVE CENTRE LTD	969.5	1636
CRIMINAL RECORDS	854	1728
COMPASS DEVELOPMENTS (NE) LTD	367894.41	1585
CC-CREATIVE WORKSHOPS	800	1297
CARDINAL HUME CATHOLIC SCHOOL	185688.1	1218
CROWN ESTATE RE CARTER JONAS RENTAL AC	345090	1752
CAREVISIONS AT HOME LTD	22736.19	1239
CMA TRAINING	1252.38	1520
COOL TRADER LTD	1689	1641
CYGNAL LTD	2000	1791
THE COLT CAR COMPANY LTD	77879.8	6627
CAR-ES UK LTD	58761.38	1215
CHRISTIAN VOGEL T/A CAFE EIGHT	613.75	1426
COMTECH TELECOMMUNICATIONS LTD (IN LIQUIDATION)	17561.9	1599
CIVICA SERVICES LTD	182243.67	1469
CHARTERED INST. OF HOUSING	7021.35	1371
CORMETON ELECTRONICS LTD	470890.21	1662
CREATIVE PLAY	24798	1717
CDC ENTERPRISE AGENCY	13907.81	1304
CREATIVE SUPPORT	2529798.12	1719
COMMEND UK LTD	615	1561
CHELSEA AND WESTMINSTER HOSPITAL NHS FOUNDATION TRUST	1395.59	1380
COMMONWHEELS CARCLUB CIC	185609.53	1567
CONNECT UTILITIES LTD [GROUPED]	8142	1612
CAFFE GABRIELE LTD	34930.47	1179
C C JENSEN LTD	1190	1146
CAREER VISION	16539.53	1230
CYNERGY	4077.5	1792
COLORPEAK	500	1553
CHYPS	1050	1438
CHASE HOLMES SALES LTD	3000	1375
CITIZENS ADVICE BUREAU	2321912.23	1453
CLOCKWORK AUDIO VISUAL LTD	20217	1512
CRB SOLUTIONS	48160.5	1710
CORE TRAINING AND DEVELOPMENT LTD	4625.43	1659
CESTRIA CREDIT UNION	3166	1341
CARING FOR KIDS	1440	1243
CABLE & WIRELESS	24640.36	1174
CRAIGS OF WHICKHAM	79069.84	1701
THE CHURCH COMMISSIONERS	500	6621
CARE COMM 2011 LTD	11165	1220
COASTAL RETREATS	995	1535
CASTLE GRANGE TECHNOLOGIES LTD	25053.26	1275
CIMSPA	5420	1443
CHASE PARK FESTIVAL LTD	500	1376
CMT (TESTING) LTD [GROUPED]	33006.65	1523
CHUBB FIRE LTD [GROUPED]	123849.24	1433
CENTRIC MANAGEMENT	7500	1330
COURTCRAFT LTD [GROUPED]	10680	1685
CHEMTECH ENVIRONMENTAL LTD	2110	1384
CARERS FEDERATION LTD	720850.58	1235
CAMWOOD LTD	6000	1200
COMPASS BUSINESS FINANCE	805.33	1584
CORE BUSINESS SYSTEMS LTD	58520.4	1654
CCF LTD	624.37	1299
CELL:CM CHARTERED SURVEYORS	16654.18	1312
CLEAPSS	19621.25	1491
CORE PHARMACY LTD	1500	1658
CIA TRAINING LTD	550	1439
COMMUNITY COUNSELLING COOPERATIVE	14449.32	1573
CENTURY SIGNS LTD	1356	1336
CREATIVE DANCE NORTH EAST	3825	1714
CREST LTD	8952	1725
COMMCO PRINT SOLUTIONS LTD	1500	1560
COMFORT HOUSE CARE HOME	15373.14	1559
CASTLEGATE CONFERENCE SERVICES LTD	985	1280
C & A PUMPS LTD	12914.66	1143
CONSIDERATE CONSTRUCTORS SCHEME	415	1617
C PHAROAH CONSULTANCY LTD [GROUPED]	2937	1156
CENTRICA PLC	2316876.86	1332
CONTEX OFFICE SERVICES	5098.05	1629
C3S PROJECTS LTD	51633.95	1167
CASH CONTROL SYSTEMS	375	1270
COQUET TRUST	2187384.01	1648
CYCLING GENERATION LTD	137713.44	1788
CLEARVIEW INTELLIGENCE LTD [GROUPED]	10498	1495
COMMUNITY (H&S) DEVELOPMENT LTD	16812.5	1570
CRITIQOM	129131.3	1731
CHAINBRIDGE MEDICAL PART'SHIP	43898	1350
CHANGING LIVES	715075.34	1358
THE COBWEB ORCHESTRA	1000	6624
CYCLE EXPERIENCE LTD	96720	1782
CENTURY ADVENTURES	3718	1334
C LEWIS-WARD T/A POWDER BUTTERFLY	1000	1150
CB RICHARD ELLIS LTD	24275.51	1293
CORONA FILMS	4000	1666
CRAWFORD CONSTRUCTION	22583.33	1708
CHOPWELL YOUTH CLUB	4232.8	1421
CLEAN AIR LTD	6771	1487
COBWEB INFORMATION LTD	13160	1537
CARTER BROWN LTD	22906.64	1259
COMPLETE IT SYSTEMS	14081.98	1588
CENTRAL TAXIS OF GATESHEAD LTD [GROUPED]	1970240.6	1322
COCA-COLA ENTERPRISES LTD	174829.16	1538
CSA PHOTONICS LTD	119350.9	1758
CLEVELAND CABLE CO LTD	129279.21	1499
CENTRAL TAXIS GATESHEAD LTD [GROUPED]	1787869.51	1321
CASTLEROCK RECRUITMENT GROUP LTD	46034.75	1282
C & A PUMPS & ENGINEERING LTD	3602.45	1142
CHASE HOLMES LETTINGS LTD	3000	1374
CHARIS BOARDING KENNELS	3578.88	1364
CHECKPOINT LTD [GROUPED]	5925	1379
CLEARDATA	869.97	1494
COUNTY TURF LTD	8950	1683
CHECKED AND VETTED	990	1378
COULKENNY LTD	8372	1676
CIMAC	3223.12	1442
CONCERTO SUPPORT SERVICES LTD	108250	1604
CENTRICA BUSINESS SOLUTIONS	19854.98	1331
CUMMINGS & PATTISON (NORTH EAST) LTD	15071.42	1771
CRONER CCH GROUP	4049.67	1737
CTS NORTH EAST LTD	630	1763
CARR ELLISON	56800	1252
CRYSTAL & SON LTD	350	1755
CITY B GROUP LTD	2249	1458
CLIFFORD CHAPMAN METALWORKS LTD	7100	1507
CP MEDIA	4160	1691
CSC PLC RE METROCENTRE GV	18150	1759
CENTRAL LAW TRAINING SCOTLAND	1695	1320
CREATING CAREERS LTD	97450	1711
THE CROFT SURGERY	139760.02	6632
CORE CATERING MAINTENANCE LTD	2548.3	1656
CESTRIA VETERINARY CENTRE	1538.18	1343
COLT SERVICE LTD	4934	1554
CUNDALL	128059.5	1774
CYCLE TRAINING AFFINITY LTD	349.13	1783
THE CANDY VORTEX	700	6615
CLUB ROW CREATIONS LTD	1065	1517
CHOPWELL LADIES CLUB	1458	1417
CROSBYS	9482.27	1741
COLAN LTD	2707.25	1546
COUNTY DURHAM AND DARLINGTON NHS FT	2031662.79	1681
CHICKEN JOES LTD	331298.97	1393
CAN DO BEHAVIOUR	1481.25	1201
CITIZENS ADVICE GATESHEAD	202861.5	1454
CLEANSING SERVICE GROUP LTD	1490	1490
CHOPWELL CRICKET CLUB	800	1415
CARBON REDUCTION TECHNOLOGY LTD	3520	1216
CHIRMARN LTD	513196	1405
CASA	5770.06	1266
CONDER SOLUTIONS LTD [GROUPED]	6106	1606
CONSTRUCTION INDUSTRY COUNCIL	3925	1622
CYCLEHOOP LTD	2228	1786
C.D.PASSENGER SERVICES	56197.8	1166
CONSULTCIH LTD	56242.82	1625
CENTREPOINT SOHO LTD	8178.97	1328
COMMERCIAL COVERINGS LTD	5245.5	1563
CIPFA BUSINESS LTD [GROUPED]	252871.45	1446
CARTREF PUBLISHING LTD	424.58	1263
C K STANLEY	1193.25	1149
CARR HILL COMMUNITY PRIMARY SCHOOL	2000	1253
CUSTOM CARD IBS	17925.78	1776
CKML LTD	1500	1476
CARNTYNE RESIDENTIAL HOME	31612.75	1249
CHRIS BARSON T/A POSITIVE ABOUT AUTISM	3385	1422
COMMUNITY SERVICES (UK) LTD	7900	1579
CAMBIAN LEARNING DISABILITIES LTD	10875.71	1193
COMPAREX LTD	205120.02	1583
COPPER CABLE COMPANY LTD	667.5	1645
CORE ASSETS FOSTERING LTD [GROUPED]	71027.56	1653
CLEVLAND SECURITY LTD	2930	1505
CHARCON FLOORING NORTH	36277.17	1361
CONTAINERS 2000 LTD	10575	1627
CALE ACCESS UK LTD	565	1181
CHOPWELL COMMUNITY ASSOCIATION	25747	1413
CLYDESDALE BANK PLC	2814.02	1518
CATCH 22	63384.07	1284
CHARTWELLS	4564.71	1373
THE COLLEGE OF LAW	1285	6625
CASTLE VALLEY DRY LINING	2581.15	1278
CACI LTD	268257.25	1175
CYCLE TREX LTD	32846	1784
CHARLETON FENCING LTD	203975.8	1367
CRM ADMIN LTD	4500	1732
CCM CARWASH LTD [GROUPED]	3000	1302
C & A WINCHESTER	500	1144
CARE WITH CUDDLES	81242.78	1228
CHOPWELL PRIMARY SCHOOL FUND	22511	1418
CENTRE OF COACHING EXCELLENCE	3500	1325
CENGAGE LEARNING SERVICES	8775	1314
CAREPORT ADVISORY SERVICES LTD	9019.61	1234
CSM+ ARCHITECTS	58315.6	1761
CAP MOTOR RESEARCH LTD	1923.5	1210
CONISCLIFFE CARE HOME	35370.18	1609
CAMBIAN CHILDCARE LTD	895550.46	1192
CENTRAL CARPETS & DECOR	1871.07	1316
COMMUNITY PLAYTHINGS	5349.2	1578
CREATIVE TECHNOLOGY LTD	45580	1720
CALEDONIAN GUEST HOUSE	1050	1182
CHARTERD INSTITUTE OF PAYROLL PROFESSIONALS	390	1369
CLICK TRAVEL LTD	736941.689999993	1506
CC RESOURCES SOLUTIONS (UK) LTD	1500	1296
COMPREHENSIVE DESIGN ARCHITECTS LTD	35830	1591
CHUBB FIRE & SECURITY LTD [GROUPED]	48247.76	1432
CANFORD AUDIO PLC	2723.5	1203
CORPORATE & SPORTING EVENTS MANAGMENT LTD [GROUPED]	260589.94	1668
CYCLECITY GUIDES	2850	1785
CAADA	12000	1171
CIT VENDOR FINANCE UK LTD	4818.42	1451
CHOICE CARE SERVICES LTD	1074.84	1408
CIVIL ENGINEERING TRAINING GROUP NE	18975	1471
COMMERCIAL SKILLS LTD	5125	1566
CARE IN MIND LTD	64765.06	1221
COMPUTER ORBIT LTD	4975	1593
CRANEX LTD	6000	1704
COMPLETE WEED CONTROL (TYNE & WEAR)	25550	1589
COOLSPIRIT LTD	95321.6	1643
CREATIVE CARE LTD [GROUPED]	5464	1713
CROSSLING LTD (GATESHEAD)	10000.92	1744
CBRE LTD [GROUPED]	2342.5	1294
CROMER AVENUE UNITED R C	500	1735
CHUBB ELECTRONIC SECURITY SYSTEMS LTD	96503.92	1431
COMPUTERSHARE VOUCHER SERVICES	505.08	1595
CLARITY IN TRAINING & COACHING LTD	10500	1481
COCA-COLA EUROPEAN PARTNERS GREAT BRITIAN LTD	17603.67	1539
CLARKE'S SAFETY MIRRORS LTD	3679.78	1482
CATERPILLAR CLUB	3000	1288
CRAWCROOK & GREENSIDE LOCAL ENVIRONMENT GROUP	10372	1705
COMMUNICATIONS SOLUTIONS UK	446.14	1569
COMMERCIAL PROPSHAFT SERVICES	1564.43	1565
CHEMSPEC EUROPE	708.46	1383
C SCOTT	800	1161
CENTRE POINT SOHO LTD	2005	1326
CIRIA	2192.5	1448
CROMWELL GROUP (HOLDINGS) LTD	30861.81	1736
CHARLETON FENCING	20971.84	1366
CHILD PSYCHIATRY UK	2350	1396
CHOPWELL & BLACKHALL MILL LIVE AT HOME SCHEME	6650	1412
CLEANING & SUPPORT SERVICES NE LTD	50971.42	1489
CONCATENO CARDIFF LTD [GROUPED]	3587	1600
COUPELINE	438742.83	1684
COMPUTERLAND UK PLC	53973.69	1594
CITY OF BATH COLLEGE	990	1463
CONSTRUCTION  SKILLS	4475	1621
CROOKHILL & TYNE GARDENS RESIDENTS ASSOCIATION	448.5	1738
CLOUD DATA SERVICE	57384	1514
CIRRUS ENVIRONMENTAL SOLUTIONS LTD	425	1449
THE CARLTON HOTEL	1500	6616
CHOICE HEALTHCARE LTD	817307.18	1409
THE CHILDCARE PEOPLE	15000	6618
CENTRE FOR HOUSING AND SUPPORT	6291.5	1324
CPS ELECTRICAL CONTRACTORS LTD	468460.14	1695
CHESTER-LE-STREET AND DURHAM CITY MIND	17100	1388
CLEVELAND LAND SERVICES	85278.77	1501
CASTLE FABRICATIONS & INSTALLATION LTD	18770.5	1274
CARE VISIONS	107181.87	1227
CHEVRON AUTOHIRE LTD	4792	1392
CORA FOUNDATION	139948.61	1649
COMMUNITY MUSIC WHICKHAM AND SWALWELL	500	1577
CHANGE LIVE GROW (CGL)	210631	1356
CLASSIC MASONRY LTD	154299.89	1484
City Of Wakefield Metropolitan District [GROUPED]	900	1794
CEREBRA	2664.9	1338
COBLEYS LLP	11718.24	1536
CRIME REDUCTION INITATIVES (CRI)	5203267	1727
CAPITAL PROPERTIES LTD	1600	1213
CULPITT LTD	1010.9	1767
THE COAL AUTHORITY	7682.08	6623
CARVE BENSHAM	1700.5	1265
CUMBRIC CHANGING MINDS	34160	1770
COTTAM BRUSH LTD	578.4	1675
CEA  TOWNE (SHIP RIGGERS) LTD	1197.5	1307
CIBSE SERVICES LTD	1100	1440
COEVAL GROUP	2570	1543
CANVAS SPACES LTD	100874	1208
THE CHILDREN'S TRAFFIC CLUB	3496.6	6619
CLYDESIDE TRADING SOCIETY LTD	5782.5	1519
CREATIVE VIDEO PRODUCTIONS LTD	1673.62	1721
CUMBRIA BOUNCY CASTLE HIRE	636	1768
CO-OPERATIVE BANK	59000	1529
COUNTY DURHAM & DARLINGTON NHS FOUNDATION TRUST	5524	1680
COGNITIVE THERAPY NORTH EAST	640	1545
CYCLEPODS LTD	1750	1787
CLANCY DOCWRA LTD [GROUPED]	5642386.77	1477
COVENT HOUSE	9117588.95999998	1688
CARTER BROWN	3921.62	1257
CB LEARNING & DEVELOPMENT LTD	10158.26	1292
CAREWATCH (GATESHEAD)	58769.99	1240
THE CORNFORTH PARTNERSHIP	15000	6630
CRAIG HEAP LTD	500	1699
CASELLA CEL LTD	740	1268
C C CHIU	653.4	1145
CELEBRATION STATION	485.16	1311
CARS IN CAMERA	675	1256
CONGOLESE SOLIDARITY IN GATESHEAD	1000	1608
CIC GROUP	72102.04	1441
CO - WHEELS CARCLUB CIC	121977.71	1526
CAPITAL TRAINING SERVICES (NE) LTD	573972.55	1214
CLIMB 'N' SLIDE	48716.85	1510
CHEVIOT HOUSING ASSOC LTD	87793.7699999992	1389
CORAMBAAF	2565.61	1652
CHEVIOT TREES LTD [GROUPED]	14883	1391
CHURCHILL SECURITY SOLUTIONS  LTD	25428.11	1436
CHRISTY CARPETS	2096	1427
CRACK LTD	29930	1696
CCS MEDIA LTD	25967.72	1303
CITY & GUILDS	203648.4	1456
CAP AUTOMOTIVE LTD	4495	1209
C S TODD & ASSOCIATES LTD	1350	1160
CAWTHORNE PSYCHOLOGICAL SERVICES LTD	5702.43	1291
COLEMAN & COMPANY	3455441.78	1548
CARMEL SAFETY TRAINING SERVICES	15370	1248
CARTER ICT	84312.18	1261
CHANGE GROW LIVE (CGL)	4190769.07	1355
CRAWCROOK MEDICAL CENTRE	65928.69	1706
CALL-A-CAB	470	1185
COMMUNITY CARE NORTH EAST	3203971.7	1572
COMPUTERSHARE VOUCHER SERVICES LTD	505.08	1596
CORPORATE COMPUTER SUPPLIES LTD	141594.73	1669
COMMUNITY TRANSPORT	9263.74	1580
CARTER BUSINESS SYSTEMS LTD	1500	1260
CENTRECHEM	4487.78	1327
CASTLE SCAFFOLD (NORTHERN) LTD	2690	1277
CECIL JACOBS LTD	1160	1308
CHNE T/A MUNRO ESTATES	4500	1407
CHOPPINGTON SOCIAL WELFARE CENTRE	696	1411
CENTRIFUGE CONSULTING LTD	35500	1333
C&A PUMPS & ENGINEERING LTD	1044	1164
CARE QUALITY COMMISSION	128911	1222
CROSSHANDS LTD T/A ACM TRAINING	8735.53	1742
CEFM LTD	65880.49	1310
CARETOWER SOLUTIONS LTD	14922	1238
CONCEPT2 LTD	1128.75	1602
CASH FOR KIDS	1081	1271
CHOPWELL HERITAGE & BANNER GROUP	12000	1416
COMMONWHEELS CIC	165767.81	1568
CITRIX ONLINE UK LTD	17495.63	1455
CH2M HILL UNITED KINGDOM	76279.78	1349
CHESTER LE STREET CE PRIMARY SCHOOL	1500	1387
THE CONSORTIUM	11353.05	6628
CLIVE MORLEY HARPS	8364.9	1511
CLENTEC LTD	5280.05	1498
CHAMBERLAIN MUSIC	9812.66	1352
CORE CHILDREN'S SERVICES LTD	1376	1657
CONTINENTAL SPORTS LTD	2056	1631
CHELTENHAM & GLOUCESTER	2317.77	1381
CONTRACT DATA RESEARCH LTD	5155	1634
CHOICE SERVICES LTD	626011.69	1410
CUMBRIAN COTTAGES LTD	442	1769
CHARTERED INST. OF ENV HEALTH	50590.24	1370
CDW UK LTD	105795.1	1306
CITY OF SUNDERLAND COLLEGE	148925.6	1467
CERTERO LTD [GROUPED]	4750	1339
CARTWHEEL CONSULTANCY LTD [GROUPED]	1500	1264
COMFORT CALL LTD	10997368.28	1558
CALLENDAR COURT COMMUNITY ASSOCIATION	1200	1187
CHARANGA LTD	16090	1360
COUSINS BUILDING & ROOFING LTD	12249	1687
CONTRACT FENCING SERVICES (NE) LTD	31814.72	1635
CFBT EDUCATION TRUST	10000	1345
CLARA VALE CRICKET CLUB	2500	1479
CENTARA LTD	1050	1315
CHAINBRIDGE MEDICAL PARTNERSHIP	42857.5	1351
C P DAVIDSON & SONS LTD	4491.28	1154
COAL INDUSTRY SOCIAL WELFARE ORG	38014.51	1534
CHROMA GRAPHIX	840.72	1428
COOLRITE REFRIGERATION LTD	624	1642
CPS DRIVELINK LTD [GROUPED]	1213.5	1694
CORONA ENERGY LTD	18204779.84	1665
CHESHIRE SCIENTIFIC LTD	20835.58	1385
CRAMER MUSIC LTD	1994.71	1702
CROWHALL MEDICAL GROUP	104663.2	1747
CMT GROUP	27817.55	1524
C W PARTITIONS & FLOORS	1536	1162
CONCERT ROYAL	2980	1603
CREATIVE ARTS NORTH EAST LTD	9000	1712
CARDIAC SCIENCE HOLDING (UK) LTD	9552.5	1217
CONTOUR BLINDS	598	1633
CADLINE LTD	14928.41	1176
COACTIVA ASPIREN LTD	10901.96	1533
CHILDREN'S SAFETY EDUCATION FOUNDATION	1997	1399
COLUMBUS CLEANING MACHINES LTD	1300.43	1556
CASTLEBECK CARE (TEESDALE) LTD	2352155.47	1279
CONCEPT ARCHITECTURE LTD	6808	1601
COOMBER ELECTRONIC EQUIP LTD	920	1644
CENTREWIRE LTD	22757.44	1329
CASCAID	2207	1267
CENTURY SIGNS & GRAPHICS	4659.06	1335
CRAFTY CREATURES	800	1697
Capita PLC [GROUPED]	1954371.63	1793
CANON (UK)	806997.559999999	1206
CLAYS GARDEN CENTRE LTD [GROUPED]	631.74	1486
CLOVER CONTROLS LTD	123786.83	1515
COOKSWELL GARAGE	1500	1639
CFH TOTAL DOCUMENT MANAGEMENT LTD	10103.3	1346
CEMEX UK MATERIALS LTD	9552.75	1313
CARRS BILLINGTON AGRICULTURE (SALES) LTD	281648.11	1255
CARIS COACHES	32150.5	1244
CUMMINGS AND AYRE FENCING AND DECKING LTD [GROUPED]	810	1772
CUBIS INDUSTRIES	1290.7	1766
CLEVELAND SECURITY LTD	3780	1504
CARITAS CARE	27000	1246
COMPETITION LINE UK LTD	831613.77	1586
CROSSLING LTD (NEWCASTLE)	118440.83	1745
COSGROVE COSTING AGENCY	999	1670
COMMERCIAL CATERING SPARES LTD	9311.74	1562
CONTENDER CHARLIE LTD	5551	1628
CARELINE LIFESTYLES LTD	3257070.95	1232
THE COLLEGE OF SOCIAL WORK	9200	6626
CHIMP MANAGEMENT LTD	1614.3	1403
C P ELECTRICAL WHOLESALE	2228.77	1155
CREATIVE MILL LTD	1945	1716
CJ'Z HAIR & BEAUTY	3000	1474
CAMBRIDGESTYLE CANOPIES LTD	929.75	1197
CF MOTORING SERVICES LTD	509.5	1344
CENTRE FOR ECONOMIC & SOCIAL	670	1323
CHOPWELL TEA DANCE	1254	1419
CROSBY INSURANCE SERVICES LTD	1500	1740
CARELINE HOMECARE LTD	337966.34	1231
CENTRAL LAW TRAINING	1275	1319
CITY CLEAN	60912.5	1459
CV DIAGNOSTIC LTD	2130	1779
CAMBIAN WHINFELL SCHOOL LTD	543637.42	1194
CHURCHILL SECURITY SOLUTIONS LTD	2156.88	1437
C N G FOODSERVICE EQUIPMENT	1118.9	1153
CCL COMPONENTS LTD	4874.02	1300
CAA LTD	2450	1170
CALNAN SCOTT DESIGN LTD	4000	1188
COLIN WRATHMALL PAINTER & DECORATOR	10645.75	1550
CONSETT STEEL SERVICES LTD	10434.83	1615
CO-OPERATIVE FUNERAL CARE	430	1530
CLEVELAND ROOFING CENTRE	552.28	1503
CMC  NORTHEAST  LTD	6584.9	1521
CROSSLING LTD	268929.66	1743
CATCHPOINT CONSULTANCY LTD	2670	1285
CANNON HYGIENE LTD	16242.62	1204
COLTON EXCAVATIONS LTD	4419.97	1555
CRAGSIDE PRIMARY	1500	1698
COURTMASTERS	7250	1686
CYBERMOOR SERVICES LTD	14055	1781
CENTRAL CONFERENCE CONSULTANTS	390	1317
CAREMARK	300964.74	1233
CHAMPS SPORTS BAR & GRILL	1500	1354
CONSTRUCTING EXCELLENCE IN THE NORTH EAST	2100	1620
COMMUNITY FIRST NORTH EAST	76305.83	1574
CABIN CO LTD	5100	1172
CONNEVANS LTD	13609.17	1613
CANNY COFFEE	8389.18	1205
CONTEX OFFICE SERVICES LTD	1120	1630
CONSORTIUM FOR PURCHASING&DISTRIBUTION LTD	6159.06	1619
CLIFFORD HOUSE HOMES LTD	2841004.72999999	1508
CROWN DISPLAY LTD	1170.2	1750
C READ	885	1157
CHILTON & HOGG	1000	1402
CAP-A-PIE ASSOCIATES LTD	2000	1211
CAMBRIDGE EDUCATION ASSOCIATES	825	1196
CASTLEVIEW RESIDENTIAL CARE HOME	1965.16	1283
CARE UK MENTAL HEALTH PARTNERSHIP LTD	126010.14	1226
CRAWFORD HIGGINS ASSOCIATES LTD	5973	1709
CMD LTD [GROUPED]	3232.92	1522
CHARLES THORP COMPREHENSIVE SCHOOL	1500	1365
CROWN CARE VI LTD	24532.03	1748
CARE UK HOMECARE LTD	438462.13	1224
CARIS ROBSON	1500	1245
CENTRAL GATESHEAD MEDICAL GROUP	228907.49	1318
COTTAGE CONTRACT FURNISHERS LTD [GROUPED]	4103.61	1672
CHARGE YOUR CAR LTD [GROUPED]	15707	1363
CAEDMON COUNTY PRIMARY SCHOOL	3500	1177
CHILDRENS SOCIETY	17500	1401
CHATFIELDS TYNE TEES	285444.54	1377
COA SOLUTIONS LTD	886.17	1531
CHEM CLEAR LTD	1980	1382
CPD DISTRIBUTION PLC	9219.73	1693
CLIFFORD JONES TIMBER LTD	593	1509
CHUBB SYSTEMS	9394.2	1434
CABINET OFFICE	4000	1173
COMMERCIAL MAINTENANCE SERVS UK LTD	458173.52	1564
CYCLING SOLUTIONS	51542.4	1789
CARR HILL PRIMARY SCHOOL FUND A/C	500	1254
COLIN MARSHALL PAINTING CTRS LTD	17429.93	1549
CALIBRE CASSETTE LIBRARY	587.81	1183
COMMUNITY VENTURES (MIDDLESBROUGH) LTD	450	1581
CHARGE YOUR CAR (NORTH) LTD	12500	1362
CHRIS BOSTOCK LTD	4980	1423
CAMELOT PROPERTY MANAGEMENT LTD	8084.37	1198
CAMPHILL VILLAGE TRUST	60322.29	1199
CCATS LTD	40680	1298
CAM-AIR LTD	991.57	1191
CHILD PROTECTION TRAINING UK	3000	1395
CLARA VALE VILLAGE HALL	6286.09	1480
COOKING 4 LIFE	16894.83	1638
COLAS LTD	121945.73	1547
CRIMINAL RECORDS BUREAU	145592	1729
CHIP PC TECHNOLOGIES GMBH	810	1404
COMMUNITY FOUNDATION	64092.25	1575
CHIEF VEHICLE RENTALS LTD [GROUPED]	5270.4	1394
CSL DUALCOM LTD	5148	1760
CASTLE MANAGEMENT ASSOCIATES LTD	11206.92	1276
CREATIVE PRINT NORTH WEST LTD	1500	1718
THE COPPERSMITHS	3027	6629
COPYRIGHT LICENSING AGENCY LTD	66371.86	1647
CN UNWIN LTD	415.38	1525
CHUBB ELECTRONIC SECURITY LTD [GROUPED]	70867.11	1430
CALL CREDIT PUBLIC SECTOR LTD	8459.5	1184
CORAM CHILDRENS LEGAL CENTRE	8018.85	1651
COMTECH TELECOMMUNICATIONS LTD	34482.27	1598
C WITHERS	811.42	1163
CONCORD CHILDCARE CENTRE	873	1605
CHARTERED TRADING STANDARDS INSTITUTE	425	1372
CIRRUS INFORMATION TECHNOLOGY LTD	1775	1450
CHARNLEYS	5070.48	1368
COMRZ LTD	25225	1597
CLEAN IT UK	2444.78	1488
CATERING DESIGN LTD	5514.2	1286
C80 SOLUTIONS LTD [GROUPED]	2340	1168
CIVICA UK LTD	181598.45	1470
COVENTRY UNIVERSITY ENTERPRISE	4816.93	1689
COOL BREEZE LTD	346538.96	1640
CUBESEDGE	3000	1765
CIWM ENTERPRISES LTD	1116	1473
CIPFA	71107.25	1445
CARTER BROWN ASSOCIATES	16460.7	1258
C ROGERS	5812.17	1158
COMMUNITY INTEGRATED CARE	29339943.9000002	1576
CRAWCROOK WOMENS INSTITUTE	1122.12	1707
CAMBRIDGE ECONOMETRICS LTD [GROUPED]	5000	1195
COGNISOFT LTD	73424.1	1544
CHILDREN NORTH EAST	1095865.52	1398
CLARA VALE COMMUNITY CENTRE	900	1478
THE CRACK MAGAZINE	475	6631
COVERGOLD LTD	10875.55	1690
CIVIL PROTECTION	4750	1472
CONTINUUM CARE AND EDUCATION GROUP	255328.67	1632
CLR LAW LTD [GROUPED]	1500	1516
CPC LTD	1278.14	1692
CRYSTAL COMMUNITY CARE LTD	258242.42	1756
CITY OF NEWCASTLE UPON TYNE	6336094.43	1465
C MORGAN	4000	1152
CONSILIUM TECHNOLGIES LTD	243606	1618
CARE UK LTD	17555497.02	1225
CRISIS SKYLIGHT	2353	1730
COPSHOP UK LTD	3170.95	1646
CAREWATCH CARE SERVICES LTD	1399987.37	1241
COTFIELD HEDGEWORKS LTD	2280	1671
CUSTODIAN TOTAL SEC.SER. LTD	883.05	1775
CLOSE HOUSE NURSING HOME	114885.32	1513
CWDC	5000	1780
CONSIDERATE CONSTRUCT. SCHEME	1200	1616
CROWN COMMERCIAL SERVICE	2000	1749
CV COMPONENTS LTD	4610	1778
CROOKHILL EARLY YEARS	816988.79	1739
CLEAR CHANNEL UK LTD	126681.85	1492
CORPORATE & SPORTING EVENTS LTD	1375.47	1667
COTTAGES OF NORTHUMBRIA LTD	1500	1674
CLENNELL EDUCATION SOLUTIONS LTD [GROUPED]	25460	1497
CHURCH VIEW - MURTON	31614.88	1435
CANON (UK) LTD	1095668.84	1207
CEDARS SCHOOL	1120	1309
C M INCE	4388.68	1151
COLLINGHAM CATERING SERVICES LTD	524.28	1552
COUNTRY KITCHEN CATERING	1710	1678
CHIRMARN SURVEYING LTD [GROUPED]	3420	1406
CREDITSAFE BUSINESS SOLUTIONS LTD	2549.96	1723
CUSTOMS HOUSE TRUST LTD	5000	1777
CU PHOSCO LIGHTING LTD	35049.17	1764
CAROL GORMAN CONSULTANCY	380	1250
CALLCREDIT PLC	11149.44	1186
CHRISTCHURCH GROUP	67110	1425
CONNECT INTERNET SOLUTIONS LTD	10840	1610
CATHERDRAL CHURCH OF ST NICHOLAS	1500	1289
CAFE EIGHT	1807.75	1178
CAST TEC LTD	1500	1272
CASELLA MONITOR	21920	1269
THE CEDARS ACADEMY TRUST	4342022.33	6617
COMMVAULT SYSTEMS LTD [GROUPED]	3999	1582
CRANDUS CONTRACTORS LTD	500	1703
CSN CONSULTING LLP	1050	1762
CARE TRAINING SERVICES	34000	1223
CFSMS LTD	3585	1347
COD INN	500	1540
CO-OP PHARMACY	77635.44	1528
CASTLEGREEN ACADEMY	6530	1281
CATERPAK	1500	1287
CRYOSERVICE LTD	25509.85	1754
CA TRAFFIC LTD [GROUPED]	320750.13	1169
CO OPERATIVE FUNERAL SERVICES	2992.6	1527
C-PROBE SYSTEMS LTD	6455.28	1165
CERTSURE LLP	5074.2	1340
CONSTRUCTION LINE	5873	1623
CALOR GAS LTD	980	1189
CITY OF SUNDERLAND	11994224.27	1466
CLEVELAND COPIERS LTD	666.96	1500
CARETECH	600	1237
CHAMMAR LTD T/A TEAM VALLEY TAXIS	38252.28	1353
C S C UK LTD	620	1159
COLLIER & MADGE	95054.78	1551
COUNRTYWIDE CARE HOMES LTD	111641.76	1677
CK21 LTD [GROUPED]	28225	1475
CITY LETTINGS UK	580	1462
CROSSROADS CARE	3489951.72	1746
CCL OFFICE LTD	1847.16	1301
COACHING CONNECTION LTD [GROUPED]	520	1532
CHANGEOVER	6731.52	1357
CITY HOSPITALS SUNDERLAND FOUNDATION NHS TRUST	54294.67	1460
CIVICA LTD	2423852.02	1468
CITY ART STORE	1500	1457
COTTAGE GARDEN NURSERY	592.9	1673
CORAL (A FOCUS GROUP COMPANY)	49388.66	1650
CIRCA	3263	1447
COMPLIANCE SOLUTIONS (NE) LTD	650	1590
CLEVELAND POTASH	875626.4	1502
COMPUTACENTER (UK) LTD	326407.63	1592
CHAPLINS LTD	465	1359
C D S SECURITY LTD	2966.38	1147
CRYSTAL COURT	212571.42	1757
CALYPSO SERVICES LTD	975	1190
C HENDERSON	3818.48	1148
THE CLOUD COMMISSION	774.98	6622
COUNTY FUND ACCOUNT	2130.7	1682
COMENSURA LTD	5216038.52	1557
CORGI DIRECT	880	1660
CLAVERING STATIONERS	12166.35	1485
CASTLE CRAIG HOSPITAL LTD	3581.42	1273
CROFT HOUSE (CARE) LTD	10292.86	1733
CRH FENCING & SECURITY GROUP (UK) LTD T/A GEOQUIP	18419	1726
CONTAINER MANAGEMENT SERVICES	7715	1626
CAIRNGORM REINDEER CENTRE	3700	1180
CERAMIC TILE DIST (NCLE) LTD	123817.51	1337
